{
    "frequency_entropy": {
        "9638056": {
            "RMSE": 119.35612517046668,
            "PCC": -0.18522747414747692
        },
        "9691931_2": {
            "RMSE": 94.32807758559085,
            "PCC": 0.03834398508221668
        },
        "9699634": {
            "RMSE": 75.68662046616672,
            "PCC": 0.05215378034273134
        }
    }
}