{
    "PCA combined": {
        "9638056": {
            "RMSE": 257.968088629462,
            "PCC": -0.03419962548491597
        },
        "9691931_2": {
            "RMSE": 217.11668502068468,
            "PCC": -0.021196602023264115
        },
        "9699634": {
            "RMSE": 203.31478643413632,
            "PCC": 0.08729813253779757
        }
    }
}