{
    "entropy": {
        "9638056": {
            "RMSE": 350.0010044628444,
            "PCC": 0.3480675182184213
        },
        "9691931_2": {
            "RMSE": 298.01129907270297,
            "PCC": 0.09730877262015385
        },
        "9699634": {
            "RMSE": 302.3807357868553,
            "PCC": 0.10032124162495931
        }
    }
}