{
    "PCA combined": {
        "9638056": {
            "RMSE": 910.96959012765,
            "PCC": -0.2784527552538827
        },
        "9691931_2": {
            "RMSE": 284.28742051305,
            "PCC": 0.12311905404016207
        },
        "9699634": {
            "RMSE": 386.7267680436696,
            "PCC": 0.23333231013651967
        }
    }
}