{
    "FrequencyAutoencoder": {
        "9638056": {
            "RMSE": 258.1887186100285,
            "PCC": -0.07955854630892766
        },
        "9691931_2": {
            "RMSE": 222.65061931122693,
            "PCC": 0.11406122566581761
        },
        "9699634": {
            "RMSE": 251.49178044292836,
            "PCC": -0.0894831936970501
        }
    }
}