{
    "FrequencyAutoencoder": {
        "9638056": {
            "RMSE": 252.24206019743372,
            "PCC": -0.08923417894567601
        },
        "9691931_2": {
            "RMSE": 224.01761746397602,
            "PCC": 0.050574823088118045
        },
        "9699634": {
            "RMSE": 251.15739977636738,
            "PCC": -0.10242892008282159
        }
    }
}