{
    "FrequencyStatisticalAutoencoder": {
        "9638056": {
            "RMSE": 331.843039731,
            "PCC": -0.22518233303461357
        },
        "9691931_2": {
            "RMSE": 364.12626104715,
            "PCC": -0.023225086579240783
        },
        "9699634": {
            "RMSE": 185.1418362725,
            "PCC": -0.06488525190453716
        }
    }
}