{
    "CNNEmbedding": {
        "9638056": {
            "RMSE": 374.8988340970389,
            "PCC": -0.2903958090201444
        },
        "9691931_2": {
            "RMSE": 263.40842612070315,
            "PCC": -0.008628355747403504
        },
        "9699634": {
            "RMSE": 313.3044062877349,
            "PCC": 0.08234488823359004
        }
    }
}