{
    "FrequencyStatisticalAutoencoder": {
        "9638056": {
            "RMSE": 319.3631631203,
            "PCC": -0.09840630526150335
        },
        "9691931_2": {
            "RMSE": 345.3673049532,
            "PCC": -0.020139258528138852
        },
        "9699634": {
            "RMSE": 183.0811750055,
            "PCC": -0.06882068197478763
        }
    }
}