{
    "frequency_entropy": {
        "9638056": {
            "RMSE": 397.92577432858,
            "PCC": -0.6514509259295838
        },
        "9691931_2": {
            "RMSE": 272.27378798738596,
            "PCC": 0.056184051233471255
        },
        "9699634": {
            "RMSE": 308.12636916531505,
            "PCC": 0.04026545074481605
        }
    }
}