{
    "Autoencoder learned": {
        "9638056": {
            "RMSE": 347.85251096065,
            "PCC": -0.04606285330983248
        },
        "9691931_2": {
            "RMSE": 306.2142207269805,
            "PCC": -0.015084366266343272
        },
        "9699634": {
            "RMSE": 291.6571466001338,
            "PCC": -0.020934005293736554
        }
    }
}