{
    "Autoencoder learned": {
        "9638056": {
            "RMSE": 987.914734801342,
            "PCC": 0.12322354706993612
        },
        "9691931_2": {
            "RMSE": 967.44826322589,
            "PCC": 0.22771364122381696
        },
        "9699634": {
            "RMSE": 436.6936431526670,
            "PCC": 0.15734230662806125
        }
    }
}