{
    "Autoencoder learned": {
        "9638056": {
            "RMSE": 342.1421851665377,
            "PCC": 0.03192212969953562
        },
        "9691931_2": {
            "RMSE": 301.15635515720754,
            "PCC": 0.012126679959130802
        },
        "9699634": {
            "RMSE": 286.39328133251115,
            "PCC": 0.015656306976923228
        }
    }
}