{
    "FrequencyStatisticalAutoencoder": {
        "9638056": {
            "RMSE": 257.9679485513891,
            "PCC": 0.16260068046583173
        },
        "9691931_2": {
            "RMSE": 217.1031059084886,
            "PCC": -0.01889560786304534
        },
        "9699634": {
            "RMSE": 203.31464353331467,
            "PCC": 0.09343771902742166
        }
    }
}