{
    "statistical": {
        "9638056": {
            "RMSE": 24.77216688565487,
            "PCC": -0.013097849453042838
        },
        "9691931_2": {
            "RMSE": 99.88358268553276,
            "PCC": -0.24755867373256948
        },
        "9699634": {
            "RMSE": 124.59922052541593,
            "PCC": 0.03606944085057773
        }
    }
}