{
    "FrequencyStatisticalAutoencoder": {
        "9638056": {
            "RMSE": 284.5565895825695,
            "PCC": 0.263423047499326
        },
        "9691931_2": {
            "RMSE": 243.42749602802394,
            "PCC": 0.013208537587863396
        },
        "9699634": {
            "RMSE": 229.30431263969098,
            "PCC": -0.05065269727623421
        }
    }
}