{
    "Autoencoder combined": {
        "9638056": {
            "RMSE": 257.9681327139449,
            "PCC": -0.22159882416934804
        },
        "9691931_2": {
            "RMSE": 217.06061022921125,
            "PCC": -0.018374194563331718
        },
        "9699634": {
            "RMSE": 203.31484016108485,
            "PCC": 0.08712262154666828
        }
    }
}