{
    "FrequencyAutoencoder": {
        "9638056": {
            "RMSE": 347.4488333187878,
            "PCC": 0.053614820552908345
        },
        "9691931_2": {
            "RMSE": 306.2151016545915,
            "PCC": 0.04209317058393616
        },
        "9699634": {
            "RMSE": 291.5277665157493,
            "PCC": -0.003117771247663884
        }
    }
}