{
    "frequency": {
        "9638056": {
            "RMSE": 295.5717269779246,
            "PCC": -0.534770058489781
        },
        "9691931_2": {
            "RMSE": 252.30795142900018,
            "PCC": 0.1135892987982543
        },
        "9699634": {
            "RMSE": 238.6480663591622,
            "PCC": -0.29584342575600525
        }
    }
}