{
    "FrequencyStatisticalPCA": {
        "9638056": {
            "RMSE": 917.5470832041,
            "PCC": 0.19333620429428483
        },
        "9691931_2": {
            "RMSE": 328.7762277126,
            "PCC": 0.0689675226801876
        },
        "9699634": {
            "RMSE": 296.4461708085,
            "PCC": 0.08977267758628767
        }
    }
}