{
    "frequency": {
        "9638056": {
            "RMSE": 498.305123209,
            "PCC": 0.20023200252791400
        },
        "9691931_2": {
            "RMSE": 397.0591392934,
            "PCC": 0.291370938227195202
        },
        "9699634": {
            "RMSE": 301.044316310176,
            "PCC": 0.10739467478312013
        }
    }
}