{
    "statistical": {
        "9638056": {
            "RMSE": 26.267351067293752,
            "PCC": 0.2451689810189755
        },
        "9691931_2": {
            "RMSE": 78.44714804448971,
            "PCC": -0.3143760705200748
        },
        "9699634": {
            "RMSE": 116.12222210350717,
            "PCC": 0.04777065207761469
        }
    }
}