{
    "PCA combined": {
        "9638056": {
            "RMSE": 918.91414801542,
            "PCC": 0.02722352706996613
        },
        "9691931_2": {
            "RMSE": 295.44826725488,
            "PCC": 0.22771364121981696
        },
        "9699634": {
            "RMSE": 387.6936811720573,
            "PCC": 0.00734210660806426
        }
    }
}