{
    "FrequencyAutoencoder": {
        "9638056": {
            "RMSE": 319.5470832041,
            "PCC": 0.23333620422438443
        },
        "9691931_2": {
            "RMSE": 339.7762227126,
            "PCC": 0.0989372226841462
        },
        "9699634": {
            "RMSE": 301.4421738085,
            "PCC": 0.10977263758238967
        }
    }
}