{
    "FrequencyStatisticalPCA": {
        "9638056": {
            "RMSE": 350.54860144233606,
            "PCC": 0.05713021126643706
        },
        "9691931_2": {
            "RMSE": 309.32395655480866,
            "PCC": 0.061224293128967294
        },
        "9699634": {
            "RMSE": 294.4704295276748,
            "PCC": 0.01639077764121665
        }
    }
}