{
    "FrequencyStatisticalAutoencoder": {
        "9638056": {
            "RMSE": 328.39029148486054,
            "PCC": 0.1414728672005962
        },
        "9691931_2": {
            "RMSE": 286.5945918410699,
            "PCC": -0.022315898734796828
        },
        "9699634": {
            "RMSE": 272.44233125307204,
            "PCC": 0.08120380403784408
        }
    }
}