{
    "CNNEmbedding": {
        "9638056": {
            "RMSE": 381.71526937627215,
            "PCC": -0.12493055292473829
        },
        "9691931_2": {
            "RMSE": 300.95740458576523,
            "PCC": 0.006285698151367987
        },
        "9699634": {
            "RMSE": 351.0227022572757,
            "PCC": 0.12186025691429819
        }
    }
}