{
    "Autoencoder combined": {
        "9638056": {
            "RMSE": 283.20372801659937,
            "PCC": -0.11512731670273459
        },
        "9691931_2": {
            "RMSE": 240.66333298562537,
            "PCC": -0.011050449757650129
        },
        "9699634": {
            "RMSE": 229.94409986451055,
            "PCC": 0.07813083016008046
        }
    }
}