{
    "frequency_entropy": {
        "9638056": {
            "RMSE": 330.93129715622246,
            "PCC": -0.7342819301237935
        },
        "9691931_2": {
            "RMSE": 201.97366977220076,
            "PCC": 0.05225653958225394
        },
        "9699634": {
            "RMSE": 242.66808768614385,
            "PCC": 0.005514973628755453
        }
    }
}