{
    "entropy": {
        "9638056": {
            "RMSE": 651.8991424149835,
            "PCC": 0.3712095725728978
        },
        "9691931_2": {
            "RMSE": 272.8101065087512,
            "PCC": -0.16475495290459138
        },
        "9699634": {
            "RMSE": 472.397423784615,
            "PCC": 0.015807679202743046
        }
    }
}