{
    "FrequencyPCA": {
        "9638056": {
            "RMSE": 347.6583052318907,
            "PCC": 0.021256177254406913
        },
        "9691931_2": {
            "RMSE": 306.3087184937981,
            "PCC": 0.03199889484432071
        },
        "9699634": {
            "RMSE": 291.4316111147127,
            "PCC": 0.006374871238057563
        }
    }
}