{
    "PCA combined": {
        "9638056": {
            "RMSE": 267.1075655860686,
            "PCC": -0.3443367219570751
        },
        "9691931_2": {
            "RMSE": 226.71332906085468,
            "PCC": -0.11918756942310023
        },
        "9699634": {
            "RMSE": 212.25254592328704,
            "PCC": 0.0650744652356749
        }
    }
}