{
    "statistical": {
        "9638056": {
            "RMSE": 245.2076208924796,
            "PCC": -0.6753951608369175
        },
        "9691931_2": {
            "RMSE": 243.94420949010043,
            "PCC": 0.21623692179264753
        },
        "9699634": {
            "RMSE": 242.0570213038655,
            "PCC": -0.0616878026881922
        }
    }
}