{
    "statistical": {
        "9638056": {
            "RMSE": 252.37728975045482,
            "PCC": 0.27878457757230507
        },
        "9691931_2": {
            "RMSE": 211.832346016931,
            "PCC": -0.07562745551090172
        },
        "9699634": {
            "RMSE": 198.7276840017542,
            "PCC": 0.08217885667609105
        }
    }
}