{
    "frequency_entropy": {
        "9638056": {
            "RMSE": 187.15215595055682,
            "PCC": -0.3313854200465892
        },
        "9691931_2": {
            "RMSE": 153.50847184882176,
            "PCC": -0.01777745844176428
        },
        "9699634": {
            "RMSE": 129.91163075897808,
            "PCC": 0.024448160761761695
        }
    }
}