{
    "frequency": {
        "9638056": {
            "RMSE": 347.1042479393374,
            "PCC": -0.734570358489981
        },
        "9691931_2": {
            "RMSE": 305.4708653073901,
            "PCC": 0.0135892987952549
        },
        "9699634": {
            "RMSE": 290.9177798447023,
            "PCC": -0.39584944575605525
        }
    }
}