{
    "frequency_entropy": {
        "9638056": {
            "RMSE": 343.36445392009387,
            "PCC": -0.1877787536651897
        },
        "9691931_2": {
            "RMSE": 277.43776388407906,
            "PCC": 0.08021322442965048
        },
        "9699634": {
            "RMSE": 280.12175716729905,
            "PCC": -0.020219283766188645
        }
    }
}