{
    "Autoencoder combined": {
        "9638056": {
            "RMSE": 280.4742548438377,
            "PCC": 0.12057890238163026
        },
        "9691931_2": {
            "RMSE": 239.297536866652,
            "PCC": 0.013448772966501312
        },
        "9699634": {
            "RMSE": 225.56194386350765,
            "PCC": -0.09680315490534351
        }
    }
}