{
    "frequency_entropy": {
        "9638056": {
            "RMSE": 271.7933433264218,
            "PCC": -0.34345843565520745
        },
        "9691931_2": {
            "RMSE": 210.9201440999184,
            "PCC": 0.08948500594053313
        },
        "9699634": {
            "RMSE": 209.558499011804,
            "PCC": 0.007715466790050592
        }
    }
}