{
    "FrequencyStatisticalAutoencoder": {
        "9638056": {
            "RMSE": 282.90057330270645,
            "PCC": -0.10563881683585642
        },
        "9691931_2": {
            "RMSE": 242.40720679519822,
            "PCC": 0.0032980084375437363
        },
        "9699634": {
            "RMSE": 227.4988066589581,
            "PCC": -0.02718253555234272
        }
    }
}