{
    "FrequencyStatisticalAutoencoder": {
        "9638056": {
            "RMSE": 349.1062514534721,
            "PCC": 0.26915085657424026
        },
        "9691931_2": {
            "RMSE": 307.4179810033375,
            "PCC": -0.013228430587363342
        },
        "9699634": {
            "RMSE": 293.0022145829718,
            "PCC": -0.09693448383352093
        }
    }
}