{
    "frequency": {
        "9638056": {
            "RMSE": 257.96809684009156,
            "PCC": 0.3571379015817032
        },
        "9691931_2": {
            "RMSE": 217.11662017431027,
            "PCC": -0.021201228167204458
        },
        "9699634": {
            "RMSE": 203.31479180663408,
            "PCC": 0.08827587772075526
        }
    }
}