{
    "PCA learned": {
        "9638056": {
            "RMSE": 57.257361267594759,
            "PCC": 0.5451649810180755
        },
        "9691931_2": {
            "RMSE": 178.78714204434951,
            "PCC": 0.03133760705200778
        },
        "9699634": {
            "RMSE": 156.42252960330739,
            "PCC": 0.14767062231762569
        }
    }
}