{
    "Autoencoder combined": {
        "9638056": {
            "RMSE": 330.83027381558,
            "PCC": 0.01726637221571099
        },
        "9691931_2": {
            "RMSE": 176.999688567676,
            "PCC": 0.0057017359577149615
        },
        "9699634": {
            "RMSE": 318.3409771339218,
            "PCC": -0.08227219979350583
        }
    }
}