{
    "Autoencoder combined": {
        "9638056": {
            "RMSE": 346.7224328345375,
            "PCC": 0.09405961904985398
        },
        "9691931_2": {
            "RMSE": 305.6588766084636,
            "PCC": -0.022907685425528908
        },
        "9699634": {
            "RMSE": 290.42580567625026,
            "PCC": 0.07695115904192847
        }
    }
}