{
    "FrequencyPCA": {
        "9638056": {
            "RMSE": 347.1825260514395,
            "PCC": -0.03606235980382743
        },
        "9691931_2": {
            "RMSE": 305.5486288813703,
            "PCC": -0.003083566226143279
        },
        "9699634": {
            "RMSE": 290.9951251369563,
            "PCC": -0.030914035239726579
        }
    }
}