{
    "FrequencyStatisticalPCA": {
        "9638056": {
            "RMSE": 282.3992015210969,
            "PCC": -0.07832087858106557
        },
        "9691931_2": {
            "RMSE": 241.76342068585018,
            "PCC": 0.020299545173997235
        },
        "9699634": {
            "RMSE": 226.9640368218614,
            "PCC": -0.030653181725131134
        }
    }
}