{
    "PCA learned": {
        "9638056": {
            "RMSE": 342.8622633546784,
            "PCC": -0.012465723066038492
        },
        "9691931_2": {
            "RMSE": 301.42986392981726,
            "PCC": 0.022535595465221304
        },
        "9699634": {
            "RMSE": 286.642780030296,
            "PCC": -0.006842395080446189
        }
    }
}