{
    "FrequencyPCA": {
        "9638056": {
            "RMSE": 301.7882783592239,
            "PCC": 0.13703496923948586
        },
        "9691931_2": {
            "RMSE": 804.7469436426264,
            "PCC": 0.04128970273747660
        },
        "9699634": {
            "RMSE": 501.469428335790,
            "PCC": 0.13649540713282730
        }
    }
}