{
    "PCA learned": {
        "9638056": {
            "RMSE": 342.6752175151752,
            "PCC": 0.059980949958415075
        },
        "9691931_2": {
            "RMSE": 301.0713928696888,
            "PCC": 0.039280942958313072
        },
        "9699634": {
            "RMSE": 286.5423645037688,
            "PCC": -0.010914005299776774
        }
    }
}