{
    "PCA learned": {
        "9638056": {
            "RMSE": 375.692153882645,
            "PCC": 0.07127056471363677
        },
        "9691931_2": {
            "RMSE": 291.99910597996933,
            "PCC": -0.019064854354813573
        },
        "9699634": {
            "RMSE": 301.770669097894,
            "PCC": 0.004231111925881339
        }
    }
}