{
    "frequency_entropy": {
        "9638056": {
            "RMSE": 253.8189706125502,
            "PCC": 0.1660645429785073
        },
        "9691931_2": {
            "RMSE": 791.1803982285721,
            "PCC": 0.06356511930454098
        },
        "9699634": {
            "RMSE": 447.481900219359,
            "PCC": 0.21513216121522336
        }
    }
}