{
    "statistical": {
        "9638056": {
            "RMSE": 24.147868352860197,
            "PCC": 0.17335782985629544
        },
        "9691931_2": {
            "RMSE": 73.49667765925487,
            "PCC": 0.13240693214243304
        },
        "9699634": {
            "RMSE": 91.97192582057286,
            "PCC": 0.016793075976326943
        }
    }
}