{
    "FrequencyPCA": {
        "9638056": {
            "RMSE": 358.587057509611,
            "PCC": -0.02038824627743601
        },
        "9691931_2": {
            "RMSE": 347.49738159558996,
            "PCC": -0.00041034326836231465
        },
        "9699634": {
            "RMSE": 320.88682953319676,
            "PCC": 0.0003469679816573085
        }
    }
}