{
    "PCA combined": {
        "9638056": {
            "RMSE": 328.3890856591297,
            "PCC": 0.005103926391991318
        },
        "9691931_2": {
            "RMSE": 286.604729446715,
            "PCC": -0.02305560519724167
        },
        "9699634": {
            "RMSE": 272.4411653477775,
            "PCC": 0.07995831813641543
        }
    }
}