{
    "entropy": {
        "9638056": {
            "RMSE": 962.9561940979321,
            "PCC": 0.019081119896742334
        },
        "9691931_2": {
            "RMSE": 432.3665894806835,
            "PCC": -0.020496563794325254
        },
        "9699634": {
            "RMSE": 699.9774626656346,
            "PCC": -0.02797197713858721
        }
    }
}