{
    "PCA learned": {
        "9638056": {
            "RMSE": 396.0903786426189,
            "PCC": 0.0874996491195064
        },
        "9691931_2": {
            "RMSE": 314.56134329112484,
            "PCC": -0.02200254322591709
        },
        "9699634": {
            "RMSE": 304.6795074759391,
            "PCC": -0.0015954058679654446
        }
    }
}