{
    "FrequencyStatisticalAutoencoder": {
        "9638056": {
            "RMSE": 351.22230762723484,
            "PCC": 0.08378477280273706
        },
        "9691931_2": {
            "RMSE": 310.325887173468,
            "PCC": 0.048691548495241016
        },
        "9699634": {
            "RMSE": 295.28835218731535,
            "PCC": 0.023929812299031687
        }
    }
}