{
    "FrequencyPCA": {
        "9638056": {
            "RMSE": 371.560866822293,
            "PCC": -0.057774360093811886
        },
        "9691931_2": {
            "RMSE": 340.1938320085785,
            "PCC": 0.024280361958843425
        },
        "9699634": {
            "RMSE": 330.8179743570566,
            "PCC": 0.004082064714463995
        }
    }
}