{
    "frequency": {
        "9638056": {
            "RMSE": 355.0008582736104,
            "PCC": 0.004198314435353391
        },
        "9691931_2": {
            "RMSE": 311.7745203869296,
            "PCC": 0.014198316433337391
        },
        "9699634": {
            "RMSE": 299.74053884151203,
            "PCC": 0.05481321900260602
        }
    }
}