{
    "Autoencoder learned": {
        "9638056": {
            "RMSE": 350.1836749988894,
            "PCC": -0.04606235940382744
        },
        "9691931_2": {
            "RMSE": 308.5302497956672,
            "PCC": -0.013033466224143279
        },
        "9699634": {
            "RMSE": 293.96088673427596,
            "PCC": -0.040413035345446473
        }
    }
}