{
    "FrequencyAutoencoder": {
        "9638056": {
            "RMSE": 345.0915615256589,
            "PCC": -0.00606235910382740
        },
        "9691931_2": {
            "RMSE": 303.47150090724324,
            "PCC": 0.003083526223133294
        },
        "9699634": {
            "RMSE": 288.9292525787367,
            "PCC": 0.010917032439593529
        }
    }
}