{
    "FrequencyStatisticalPCA": {
        "9638056": {
            "RMSE": 925.168811722,
            "PCC": 0.09815054715845088
        },
        "9691931_2": {
            "RMSE": 393.3932113607,
            "PCC": 0.03973632905198622
        },
        "9699634": {
            "RMSE": 309.20717598993,
            "PCC": -0.05112999225746749
        }
    }
}