{
    "FrequencyPCA": {
        "9638056": {
            "RMSE": 344.91537592472235,
            "PCC": -0.02606285880982738
        },
        "9691931_2": {
            "RMSE": 303.29657111595253,
            "PCC": -0.005084566266123279
        },
        "9699634": {
            "RMSE": 288.7552811883269,
            "PCC": -0.010914005299776559
        }
    }
}