{
    "Autoencoder learned": {
        "9638056": {
            "RMSE": 888.96959012765,
            "PCC": -0.0784427552533827
        },
        "9691931_2": {
            "RMSE": 930.28742051305,
            "PCC": 0.13611405404316203
        },
        "9699634": {
            "RMSE": 417.7263680437690,
            "PCC": 0.29233231013661949
        }
    }
}