{
    "FrequencyAutoencoder": {
        "9638056": {
            "RMSE": 429.168811722,
            "PCC": 0.10813054715845088
        },
        "9691931_2": {
            "RMSE": 384.3932213607,
            "PCC": 0.05973633905198622
        },
        "9699634": {
            "RMSE": 3911.20717528993,
            "PCC": -0.00122999235746749
        }
    }
}