{
    "PCA combined": {
        "9638056": {
            "RMSE": 347.22117021769014,
            "PCC": -0.1229282493947998
        },
        "9691931_2": {
            "RMSE": 305.6179338500335,
            "PCC": 0.024346461917946535
        },
        "9699634": {
            "RMSE": 291.2094872995304,
            "PCC": -0.13338841722054864
        }
    }
}