{
    "Autoencoder combined": {
        "9638056": {
            "RMSE": 355.37863830357054,
            "PCC": -0.15274206948633792
        },
        "9691931_2": {
            "RMSE": 311.26513517417914,
            "PCC": 0.0027143750998101374
        },
        "9699634": {
            "RMSE": 300.1418674976885,
            "PCC": 0.05512803806237945
        }
    }
}