{
    "PCA learned": {
        "9638056": {
            "RMSE": 347.5525628609636,
            "PCC": -0.01962311366166397
        },
        "9691931_2": {
            "RMSE": 305.87262059613727,
            "PCC": 0.033035404798910255
        },
        "9699634": {
            "RMSE": 291.0490005030986,
            "PCC": -0.004568337968119387
        }
    }
}