{
    "entropy": {
        "9638056": {
            "RMSE": 373.56731791753293,
            "PCC": 0.1157978108833634
        },
        "9691931_2": {
            "RMSE": 289.9356048381367,
            "PCC": 0.08930706185263301
        },
        "9699634": {
            "RMSE": 307.30567970817225,
            "PCC": -0.03596514583803236
        }
    }
}