{
    "PCA combined": {
        "9638056": {
            "RMSE": 283.806918850651,
            "PCC": 0.02814423949124040
        },
        "9691931_2": {
            "RMSE": 241.8473013856057,
            "PCC": 0.0014906060926144944
        },
        "9699634": {
            "RMSE": 230.53716992873404,
            "PCC": 0.07814412942123042
        }
    }
}