{
    "Autoencoder combined": {
        "9638056": {
            "RMSE": 330.355122259,
            "PCC": 0.14423250252591208
        },
        "9691931_2": {
            "RMSE": 167.1591192934,
            "PCC": 0.021370938222195282
        },
        "9699634": {
            "RMSE": 294.244115115176,
            "PCC": 0.08999467478612012
        }
    }
}