{
    "FrequencyPCA": {
        "9638056": {
            "RMSE": 343.0601225695897,
            "PCC": 0.031393651514287524
        },
        "9691931_2": {
            "RMSE": 301.8872594610834,
            "PCC": 0.03088355774061122
        },
        "9699634": {
            "RMSE": 287.0155644545448,
            "PCC": 0.0074911990921569405
        }
    }
}