{
    "frequency": {
        "9638056": {
            "RMSE": 503.83027351558,
            "PCC": 0.01756637221471099
        },
        "9691931_2": {
            "RMSE": 402.999688567596,
            "PCC": 0.01955003359577149615
        },
        "9699634": {
            "RMSE": 318.3609771335619,
            "PCC": 0.04225219973350586
        }
    }
}