{
    "FrequencyAutoencoder": {
        "9638056": {
            "RMSE": 339.5782747528753,
            "PCC": 0.02306284350948638
        },
        "9691931_2": {
            "RMSE": 297.99563920037406,
            "PCC": 0.005083566266424279
        },
        "9699634": {
            "RMSE": 283.48391055744156,
            "PCC": 0.030964005379786559
        }
    }
}