{
    "CNNEmbedding": {
        "9638056": {
            "RMSE": 308.5016840513192,
            "PCC": -0.14650101921275252
        },
        "9691931_2": {
            "RMSE": 238.07375596913238,
            "PCC": 0.013296786258545619
        },
        "9699634": {
            "RMSE": 270.70193767777135,
            "PCC": 0.1282158725624688
        }
    }
}