{
    "Autoencoder combined": {
        "9638056": {
            "RMSE": 328.3885237136407,
            "PCC": -0.09362463296216458
        },
        "9691931_2": {
            "RMSE": 286.5630305287886,
            "PCC": -0.022290309453821218
        },
        "9699634": {
            "RMSE": 272.4406266780171,
            "PCC": 0.08300030489104851
        }
    }
}