{
    "statistical": {
        "9638056": {
            "RMSE": 24.0801928980429,
            "PCC": 0.1313854204462892
        },
        "9691931_2": {
            "RMSE": 73.42574392153966,
            "PCC": 0.01727743844176448
        },
        "9699634": {
            "RMSE": 91.90096364311287,
            "PCC": 0.124243160731761645
        }
    }
}