{
    "FrequencyAutoencoder": {
        "9638056": {
            "RMSE": 343.1991278474462,
            "PCC": 0.031080359813294815
        },
        "9691931_2": {
            "RMSE": 301.79862272231236,
            "PCC": 0.03571020569922535
        },
        "9699634": {
            "RMSE": 286.91795114383285,
            "PCC": 0.009288451153365709
        }
    }
}