{
    "FrequencyPCA": {
        "9638056": {
            "RMSE": 293.8189306325502,
            "PCC": 0.1663645425185072
        },
        "9691931_2": {
            "RMSE": 801.1803952285321,
            "PCC": 0.06356311910454090
        },
        "9699634": {
            "RMSE": 492.491300219359,
            "PCC": 0.21519216127552336
        }
    }
}