{
    "Autoencoder learned": {
        "9638056": {
            "RMSE": 246.63533323510245,
            "PCC": 0.09888738925785878
        },
        "9691931_2": {
            "RMSE": 239.10929238279618,
            "PCC": -0.13720829570781073
        },
        "9699634": {
            "RMSE": 215.94467550885116,
            "PCC": 0.08160376261870698
        }
    }
}