{
    "statistical": {
        "9638056": {
            "RMSE": 334.28695794157466,
            "PCC": 0.2670417613932038
        },
        "9691931_2": {
            "RMSE": 292.6571548443459,
            "PCC": 0.07571261350204814
        },
        "9699634": {
            "RMSE": 278.4136672367425,
            "PCC": 0.041946462472411496
        }
    }
}