{
    "PCA learned": {
        "9638056": {
            "RMSE": 345.62764184842774,
            "PCC": 0.060230929258417079
        },
        "9691931_2": {
            "RMSE": 304.00401546945795,
            "PCC": 0.039283946355313272
        },
        "9699634": {
            "RMSE": 289.4588651011002,
            "PCC": -0.010414035299476790
        }
    }
}