{
    "CNNEmbedding": {
        "9638056": {
            "RMSE": 497.11772438339494,
            "PCC": 0.22159980666117352
        },
        "9691931_2": {
            "RMSE": 228.5964440053375,
            "PCC": 0.07209814072496483
        },
        "9699634": {
            "RMSE": 357.28191086622985,
            "PCC": 0.07536685677380664
        }
    }
}