{
    "entropy": {
        "9638056": {
            "RMSE": 290.22388379161356,
            "PCC": 0.07317782285629544
        },
        "9691931_2": {
            "RMSE": 197.206419998208,
            "PCC": 0.03240693714143304
        },
        "9699634": {
            "RMSE": 214.3295124711596,
            "PCC": -0.016790075976326143
        }
    }
}