{
    "CNNEmbedding": {
        "9638056": {
            "RMSE": 586.9577978136367,
            "PCC": 0.11077092378881238
        },
        "9691931_2": {
            "RMSE": 228.7587449598689,
            "PCC": 0.0017650041896056338
        },
        "9699634": {
            "RMSE": 429.5831148946472,
            "PCC": -0.06907539563943485
        }
    }
}