{
    "frequency": {
        "9638056": {
            "RMSE": 328.3892986447932,
            "PCC": 0.12492681794790565
        },
        "9691931_2": {
            "RMSE": 286.60485991841415,
            "PCC": -0.023055775297805968
        },
        "9699634": {
            "RMSE": 272.44137294658134,
            "PCC": 0.08160384971284612
        }
    }
}