{
    "PCA combined": {
        "9638056": {
            "RMSE": 354.82612379163965,
            "PCC": 0.418396553559373044
        },
        "9691931_2": {
            "RMSE": 311.3847599835291,
            "PCC": 0.018096513555073024
        },
        "9699634": {
            "RMSE": 299.59767292988107,
            "PCC": 0.055370462862080604
        }
    }
}