{
    "frequency_entropy": {
        "9638056": {
            "RMSE": 260.7888789592832,
            "PCC": 0.17703496927948986
        },
        "9691931_2": {
            "RMSE": 802.7969486406287,
            "PCC": 0.04127970276747657
        },
        "9699634": {
            "RMSE": 454.4692283258398,
            "PCC": 0.13049590713245734
        }
    }
}