{
    "FrequencyStatisticalPCA": {
        "9638056": {
            "RMSE": 328.38960555485204,
            "PCC": 0.18694157909292086
        },
        "9691931_2": {
            "RMSE": 286.55430235319744,
            "PCC": -0.022187262751254856
        },
        "9699634": {
            "RMSE": 272.44167138316266,
            "PCC": 0.08442862119318612
        }
    }
}