{
    "FrequencyStatisticalPCA": {
        "9638056": {
            "RMSE": 349.2561637603898,
            "PCC": 0.22171697103559165
        },
        "9691931_2": {
            "RMSE": 307.60859254000695,
            "PCC": 0.04362212978943383
        },
        "9699634": {
            "RMSE": 293.3709125202696,
            "PCC": -0.09653702859300946
        }
    }
}