{
    "statistical": {
        "9638056": {
            "RMSE": 317.0480296816241,
            "PCC": -0.7276234175513439
        },
        "9691931_2": {
            "RMSE": 303.44423911157054,
            "PCC": 0.33341648913626265
        },
        "9699634": {
            "RMSE": 312.84575872145047,
            "PCC": -0.13294644041551337
        }
    }
}