{
    "CNNEmbedding": {
        "9638056": {
            "RMSE": 451.5996963563896,
            "PCC": 0.23769722385313322
        },
        "9691931_2": {
            "RMSE": 198.83829109671223,
            "PCC": 0.07461217978336263
        },
        "9699634": {
            "RMSE": 312.087121538574,
            "PCC": 0.038650199201787194
        }
    }
}