{
    "Autoencoder learned": {
        "9638056": {
            "RMSE": 346.8931304553269,
            "PCC": 0.02355488583813358
        },
        "9691931_2": {
            "RMSE": 305.7961584317069,
            "PCC": 0.03453715230520348
        },
        "9699634": {
            "RMSE": 291.0114574450506,
            "PCC": 0.009043487171566226
        }
    }
}