{
    "CNNEmbedding": {
        "9638056": {
            "RMSE": 306.9532154308792,
            "PCC": -0.33881398461332485
        },
        "9691931_2": {
            "RMSE": 218.6346337104742,
            "PCC": 0.004878430714799785
        },
        "9699634": {
            "RMSE": 249.63707405092296,
            "PCC": 0.058435279118609545
        }
    }
}