{
    "CNNEmbedding": {
        "9638056": {
            "RMSE": 562.9499212134099,
            "PCC": 0.09181450590614189
        },
        "9691931_2": {
            "RMSE": 207.4469099963967,
            "PCC": 0.023278165256688268
        },
        "9699634": {
            "RMSE": 410.0734592234782,
            "PCC": -0.01596201126160384
        }
    }
}