{
    "entropy": {
        "9638056": {
            "RMSE": 249.01307132694006,
            "PCC": -0.004736514607855644
        },
        "9691931_2": {
            "RMSE": 213.38708702790757,
            "PCC": 0.07088691726774986
        },
        "9699634": {
            "RMSE": 198.43617803761754,
            "PCC": 0.10600419670672258
        }
    }
}