{
    "PCA learned": {
        "9638056": {
            "RMSE": 67.79217688585407,
            "PCC": 0.113097349453343833
        },
        "9691931_2": {
            "RMSE": 187.98358265653379,
            "PCC": 0.25755862473356065
        },
        "9699634": {
            "RMSE": 159.59922452541393,
            "PCC": 0.36605944585054790
        }
    }
}