{
    "FrequencyStatisticalPCA": {
        "9638056": {
            "RMSE": 274.4136160640761,
            "PCC": 0.10708697378253693
        },
        "9691931_2": {
            "RMSE": 233.52958631336026,
            "PCC": 0.02205305161789472
        },
        "9699634": {
            "RMSE": 219.38845002842157,
            "PCC": 0.05179785269799308
        }
    }
}