{
    "Autoencoder learned": {
        "9638056": {
            "RMSE": 235.1231494715826,
            "PCC": 0.10698092472707856
        },
        "9691931_2": {
            "RMSE": 222.86426526859375,
            "PCC": -0.12859047062822837
        },
        "9699634": {
            "RMSE": 213.79281380915472,
            "PCC": 0.08104217581963032
        }
    }
}