{
    "FrequencyStatisticalPCA": {
        "9638056": {
            "RMSE": 257.9678970362954,
            "PCC": 0.1707292484705115
        },
        "9691931_2": {
            "RMSE": 217.0683286531417,
            "PCC": -0.01915404528882438
        },
        "9699634": {
            "RMSE": 203.31462659100129,
            "PCC": 0.09311191918627446
        }
    }
}