{
    "frequency": {
        "9638056": {
            "RMSE": 282.42158756901,
            "PCC": 0.05849352435332217
        },
        "9691931_2": {
            "RMSE": 244.29293698856708,
            "PCC": 0.02849752135302617
        },
        "9699634": {
            "RMSE": 229.23504756308535,
            "PCC": 0.07865353112374143
        }
    }
}