{
    "entropy": {
        "9638056": {
            "RMSE": 268.59846018266745,
            "PCC": 0.30158649108962127
        },
        "9691931_2": {
            "RMSE": 220.9294464585923,
            "PCC": 0.06273122954009577
        },
        "9699634": {
            "RMSE": 225.84378243046675,
            "PCC": 0.09069338815329918
        }
    }
}