{
    "entropy": {
        "9638056": {
            "RMSE": 320.6796972489925,
            "PCC": 0.44241995054496736
        },
        "9691931_2": {
            "RMSE": 286.20248308176645,
            "PCC": 0.16859260761446226
        },
        "9699634": {
            "RMSE": 272.712149986148,
            "PCC": -0.014279601161551279
        }
    }
}