{
    "Autoencoder learned": {
        "Bearing1_3": {
            "RMSE": 26421.17000814276,
            "PCC": 0.04489891091144998
        },
        "Bearing1_4": {
            "RMSE": 13341.093422517748,
            "PCC": -0.02097952639652145
        },
        "Bearing1_5": {
            "RMSE": 23787.490354463433,
            "PCC": -0.11597315281808993
        },
        "Bearing1_6": {
            "RMSE": 25551.45194065691,
            "PCC": -0.07090892553176777
        },
        "Bearing1_7": {
            "RMSE": 24465.918108437014,
            "PCC": 0.11209491740135531
        },
        "Bearing2_3": {
            "RMSE": 21000.32945644402,
            "PCC": -0.03773409776169174
        },
        "Bearing2_4": {
            "RMSE": 7175.559570943442,
            "PCC": -0.11287906425625306
        },
        "Bearing2_5": {
            "RMSE": 25631.275348715313,
            "PCC": -0.05398351192665371
        },
        "Bearing2_6": {
            "RMSE": 4614.154857535855,
            "PCC": 0.11770355986250565
        },
        "Bearing2_7": {
            "RMSE": 2656.5959888282164,
            "PCC": -0.003337382734577072
        }
    }
}