{
    "FrequencyAutoencoder": {
        "Bearing1_3": {
            "RMSE": 16905.594838048193,
            "PCC": 0.7165671509969564
        },
        "Bearing1_4": {
            "RMSE": 8002.916668197947,
            "PCC": 0.742259508960014
        },
        "Bearing1_5": {
            "RMSE": 18039.825838428733,
            "PCC": 0.08678068353979083
        },
        "Bearing1_6": {
            "RMSE": 17893.678158770457,
            "PCC": 0.1526720764051392
        },
        "Bearing1_7": {
            "RMSE": 15837.065569701645,
            "PCC": 0.8663210561860938
        },
        "Bearing2_3": {
            "RMSE": 12895.388485023333,
            "PCC": -0.29916430845450065
        },
        "Bearing2_4": {
            "RMSE": 7402.404196306384,
            "PCC": 0.017973718280771312
        },
        "Bearing2_5": {
            "RMSE": 16654.71383842787,
            "PCC": -0.5799202441491411
        },
        "Bearing2_6": {
            "RMSE": 7609.266987334127,
            "PCC": 0.012269270577909722
        },
        "Bearing2_7": {
            "RMSE": 11281.188527517143,
            "PCC": 0.08538864414329099
        },
        "Bearing3_3": {
            "RMSE": 9099.983550681492,
            "PCC": 0.7769651116627913
        }
    }
}