{
    "Autoencoder learned": {
        "Bearing1_3": {
            "RMSE": 13719.749383523675,
            "PCC": 0.540554273185067
        },
        "Bearing1_4": {
            "RMSE": 8285.983200626988,
            "PCC": 0.517725614297095
        },
        "Bearing1_5": {
            "RMSE": 15391.68250098685,
            "PCC": -0.010524530288830406
        },
        "Bearing1_6": {
            "RMSE": 15496.23018066001,
            "PCC": -0.006333887905475263
        },
        "Bearing1_7": {
            "RMSE": 13476.422357522097,
            "PCC": 0.19747253121209726
        },
        "Bearing2_3": {
            "RMSE": 11837.0521958675,
            "PCC": -0.16256760868659068
        },
        "Bearing2_4": {
            "RMSE": 12571.025325290708,
            "PCC": 0.01878163800516137
        },
        "Bearing2_5": {
            "RMSE": 14527.473924044865,
            "PCC": -0.2184590414789424
        },
        "Bearing2_6": {
            "RMSE": 13099.945433325269,
            "PCC": 0.04743246700812283
        },
        "Bearing2_7": {
            "RMSE": 16630.25645222152,
            "PCC": 0.18385205012749006
        },
        "Bearing3_3": {
            "RMSE": 14466.778860054437,
            "PCC": 0.4235577958763171
        }
    }
}