{
    "statistical": {
        "Bearing1_3": {
            "RMSE": 434022.07725361147,
            "PCC": 0.03118098833005916
        },
        "Bearing1_4": {
            "RMSE": 132538.9130824216,
            "PCC": -0.6063748747132321
        },
        "Bearing1_5": {
            "RMSE": 7055.829229252496,
            "PCC": 0.20621817374409476
        },
        "Bearing1_6": {
            "RMSE": 7643.6955256757155,
            "PCC": 0.21634151628786585
        },
        "Bearing1_7": {
            "RMSE": 5775.746917598014,
            "PCC": 0.4852742293266098
        },
        "Bearing2_3": {
            "RMSE": 6828.26326055143,
            "PCC": 0.06631259283237045
        },
        "Bearing2_4": {
            "RMSE": 8383.429765543706,
            "PCC": 0.22638809720856545
        },
        "Bearing2_5": {
            "RMSE": 7159.704513629765,
            "PCC": -0.060108080563813296
        },
        "Bearing2_6": {
            "RMSE": 8476.428732222988,
            "PCC": 0.3639859321671629
        },
        "Bearing2_7": {
            "RMSE": 12609.256345861028,
            "PCC": 0.3018191209372905
        },
        "Bearing3_3": {
            "RMSE": 7853.515340108331,
            "PCC": 0.6168282870668614
        }
    }
}