{
    "FrequencyAutoencoder": {
        "Bearing1_3": {
            "RMSE": 16948.409612136697,
            "PCC": 0.6833979382747125
        },
        "Bearing1_4": {
            "RMSE": 6303.325968736719,
            "PCC": 0.7690283279385975
        },
        "Bearing1_5": {
            "RMSE": 14625.843276134712,
            "PCC": 0.11795321074094178
        },
        "Bearing1_6": {
            "RMSE": 16259.454970356197,
            "PCC": 0.1398137712882453
        },
        "Bearing1_7": {
            "RMSE": 15246.107515252294,
            "PCC": 0.8433896227424988
        },
        "Bearing2_3": {
            "RMSE": 12302.733709032924,
            "PCC": -0.2919966002747338
        },
        "Bearing2_4": {
            "RMSE": 6820.565452037136,
            "PCC": -0.05753183601102854
        },
        "Bearing2_5": {
            "RMSE": 16506.13281413116,
            "PCC": -0.5573174859568465
        },
        "Bearing2_6": {
            "RMSE": 8304.277588522666,
            "PCC": 0.2918923417374014
        },
        "Bearing2_7": {
            "RMSE": 9812.153278394948,
            "PCC": 0.0862415963716713
        },
        "Bearing3_3": {
            "RMSE": 9210.749533433494,
            "PCC": 0.9009792621026538
        }
    }
}