{
    "statistical": {
        "Bearing1_3": {
            "RMSE": 13527.951600489168,
            "PCC": 0.1588368144484269
        },
        "Bearing1_4": {
            "RMSE": 8239.984928626121,
            "PCC": 0.014727784076679256
        },
        "Bearing1_5": {
            "RMSE": 14149.488233920256,
            "PCC": 0.14220799380612806
        },
        "Bearing1_6": {
            "RMSE": 13978.108925907103,
            "PCC": -0.08463856606809357
        },
        "Bearing1_7": {
            "RMSE": 12930.360379977781,
            "PCC": 0.11179216597883063
        },
        "Bearing2_3": {
            "RMSE": 11181.636625311667,
            "PCC": -0.05973977511520333
        },
        "Bearing2_4": {
            "RMSE": 4279.008134015586,
            "PCC": -0.16683001282952437
        },
        "Bearing2_5": {
            "RMSE": 13184.852884986884,
            "PCC": 0.06384346776161688
        },
        "Bearing2_6": {
            "RMSE": 3804.1304636451405,
            "PCC": 0.32216756439314537
        },
        "Bearing2_7": {
            "RMSE": 2376.100846637052,
            "PCC": -0.007336461666619824
        }
    }
}