{
    "PCA learned": {
        "Bearing1_3": {
            "RMSE": 15802.735968605995,
            "PCC": 0.006286813029934492
        },
        "Bearing1_4": {
            "RMSE": 11076.16626988306,
            "PCC": 0.009873032551803447
        },
        "Bearing1_5": {
            "RMSE": 15917.080407255195,
            "PCC": 0.005334700859587814
        },
        "Bearing1_6": {
            "RMSE": 15805.156321789707,
            "PCC": -0.018895430602884275
        },
        "Bearing1_7": {
            "RMSE": 14054.311120071341,
            "PCC": -0.02439491953189997
        },
        "Bearing2_3": {
            "RMSE": 11526.67559916069,
            "PCC": 0.037161696566177405
        },
        "Bearing2_4": {
            "RMSE": 10965.390209779573,
            "PCC": -0.04508364920269641
        },
        "Bearing2_5": {
            "RMSE": 14470.477769139383,
            "PCC": 0.026463391478192922
        },
        "Bearing2_6": {
            "RMSE": 11270.447313935922,
            "PCC": -0.016655963259086862
        },
        "Bearing2_7": {
            "RMSE": 15235.069553357876,
            "PCC": 0.09598599120655557
        },
        "Bearing3_3": {
            "RMSE": 13489.840985559029,
            "PCC": 0.005530595630635223
        }
    }
}