{
    "entropy": {
        "Bearing1_3": {
            "RMSE": 7042.061570574684,
            "PCC": 0.4794123980742728
        },
        "Bearing1_4": {
            "RMSE": 4745.0930810359005,
            "PCC": 0.5954001419384854
        },
        "Bearing1_5": {
            "RMSE": 4970.236598063291,
            "PCC": 0.02498283138024442
        },
        "Bearing1_6": {
            "RMSE": 5916.161411905189,
            "PCC": -0.40190312266878775
        },
        "Bearing1_7": {
            "RMSE": 5474.036749510236,
            "PCC": 0.5475830610981467
        },
        "Bearing2_3": {
            "RMSE": 5032.558614102454,
            "PCC": 0.010865402627425899
        },
        "Bearing2_4": {
            "RMSE": 6955.677042023679,
            "PCC": -0.4822038185873623
        },
        "Bearing2_5": {
            "RMSE": 6873.943986872591,
            "PCC": -0.7272694840655157
        },
        "Bearing2_6": {
            "RMSE": 9540.107056792382,
            "PCC": -0.037387004013241625
        },
        "Bearing2_7": {
            "RMSE": 7641.917169393572,
            "PCC": -0.37158409241832235
        },
        "Bearing3_3": {
            "RMSE": 8067.98119668802,
            "PCC": -0.4539434912782527
        }
    }
}