{
    "Autoencoder combined": {
        "Bearing1_3": {
            "RMSE": 19943.159580089592,
            "PCC": 0.21613629881459667
        },
        "Bearing1_4": {
            "RMSE": 4911.28723774869,
            "PCC": 0.8404308828362799
        },
        "Bearing1_5": {
            "RMSE": 6393.423741955772,
            "PCC": 0.44352889349742225
        },
        "Bearing1_6": {
            "RMSE": 9174.578024177947,
            "PCC": 0.12841106086151824
        },
        "Bearing1_7": {
            "RMSE": 7289.582804306332,
            "PCC": 0.4453768468060033
        },
        "Bearing2_3": {
            "RMSE": 6217.584306581342,
            "PCC": -0.06937880562297492
        },
        "Bearing2_4": {
            "RMSE": 5519.734609068906,
            "PCC": 0.4215088928444871
        },
        "Bearing2_5": {
            "RMSE": 6499.590005151761,
            "PCC": 0.4331854184553939
        },
        "Bearing2_6": {
            "RMSE": 2789.8082096993116,
            "PCC": 0.4675329382536488
        },
        "Bearing2_7": {
            "RMSE": 13938.330714281901,
            "PCC": 0.32755259245202334
        },
        "Bearing3_3": {
            "RMSE": 160.43201551172677,
            "PCC": -0.8377637922061336
        }
    }
}