{
    "FrequencyPCA": {
        "Bearing1_3": {
            "RMSE": 26410.500620956453,
            "PCC": 0.19491668731439818
        },
        "Bearing1_4": {
            "RMSE": 49256.00345386918,
            "PCC": 0.009093187712264226
        },
        "Bearing1_5": {
            "RMSE": 14265.08374318073,
            "PCC": 0.4632034569242092
        },
        "Bearing1_6": {
            "RMSE": 14246.683482297563,
            "PCC": 0.5342877124708576
        },
        "Bearing1_7": {
            "RMSE": 12948.08504517457,
            "PCC": 0.26330743178212535
        },
        "Bearing2_3": {
            "RMSE": 14712.708102162049,
            "PCC": -0.13347643254197325
        },
        "Bearing2_4": {
            "RMSE": 9839.426656680273,
            "PCC": 0.017814452700353818
        },
        "Bearing2_5": {
            "RMSE": 18010.343390154012,
            "PCC": -0.4298114927130303
        },
        "Bearing2_6": {
            "RMSE": 7063.651815905911,
            "PCC": 0.09485213811133994
        },
        "Bearing2_7": {
            "RMSE": 15530.405590583325,
            "PCC": 0.07254353746083503
        },
        "Bearing3_3": {
            "RMSE": 11439.669129727965,
            "PCC": 0.0859180854229503
        }
    }
}