{
    "frequency_entropy": {
        "Bearing1_3": {
            "RMSE": 7563.147235915231,
            "PCC": 0.2652200343278183
        },
        "Bearing1_4": {
            "RMSE": 4389.3462011952,
            "PCC": -0.01650876392289412
        },
        "Bearing1_5": {
            "RMSE": 8001.643914695985,
            "PCC": -0.005426513738898681
        },
        "Bearing1_6": {
            "RMSE": 7927.95339049519,
            "PCC": 0.009468948104858214
        },
        "Bearing1_7": {
            "RMSE": 7037.267620740838,
            "PCC": 0.03774977447419821
        },
        "Bearing2_3": {
            "RMSE": 5777.829992720864,
            "PCC": -0.1291710538749054
        },
        "Bearing2_4": {
            "RMSE": 5352.564964527124,
            "PCC": -0.009684765478415628
        },
        "Bearing2_5": {
            "RMSE": 7278.684164429093,
            "PCC": 0.027789522643382334
        },
        "Bearing2_6": {
            "RMSE": 5526.9232949179805,
            "PCC": 0.005802700316677192
        },
        "Bearing2_7": {
            "RMSE": 7526.457221097486,
            "PCC": -0.010044304363692844
        },
        "Bearing3_3": {
            "RMSE": 6598.089028125938,
            "PCC": -0.029501597223417133
        }
    }
}