{
    "entropy": {
        "Bearing1_3": {
            "RMSE": 8701.40799819243,
            "PCC": 0.34547432572231185
        },
        "Bearing1_4": {
            "RMSE": 4161.8068839114685,
            "PCC": 0.5568063789966542
        },
        "Bearing1_5": {
            "RMSE": 9159.40861992913,
            "PCC": 0.05022637034944277
        },
        "Bearing1_6": {
            "RMSE": 9081.567327417231,
            "PCC": -0.5670152215145992
        },
        "Bearing1_7": {
            "RMSE": 8069.176944390891,
            "PCC": 0.41525109574717756
        },
        "Bearing2_3": {
            "RMSE": 6507.2535138611265,
            "PCC": 0.03910436510376373
        },
        "Bearing2_4": {
            "RMSE": 3533.3510342999257,
            "PCC": -0.6084767495324077
        },
        "Bearing2_5": {
            "RMSE": 8354.67292081082,
            "PCC": -0.7707556992086239
        },
        "Bearing2_6": {
            "RMSE": 3655.3274711601507,
            "PCC": -0.6815259905018946
        },
        "Bearing2_7": {
            "RMSE": 5432.362188485778,
            "PCC": -0.3351930640842319
        },
        "Bearing3_3": {
            "RMSE": 4522.456528534797,
            "PCC": 0.5492102251871294
        }
    }
}