{
    "Autoencoder combined": {
        "Bearing1_3": {
            "RMSE": 8082.086681885905,
            "PCC": 0.7622618751080829
        },
        "Bearing1_4": {
            "RMSE": 2725.5621279863235,
            "PCC": 0.8118297504356562
        },
        "Bearing1_5": {
            "RMSE": 5313.819061937067,
            "PCC": 0.23678929130968807
        },
        "Bearing1_6": {
            "RMSE": 6925.521286757917,
            "PCC": 0.2018737913140898
        },
        "Bearing1_7": {
            "RMSE": 6928.2388681738785,
            "PCC": 0.46439620869645565
        },
        "Bearing2_3": {
            "RMSE": 5549.258224235451,
            "PCC": -0.2654401389103045
        },
        "Bearing2_4": {
            "RMSE": 3743.7688743322733,
            "PCC": 0.17375668454265122
        },
        "Bearing2_5": {
            "RMSE": 7740.253592630681,
            "PCC": -0.171786909160474
        },
        "Bearing2_6": {
            "RMSE": 5325.525003335691,
            "PCC": 0.5662572963535544
        },
        "Bearing2_7": {
            "RMSE": 4825.959866435392,
            "PCC": 0.20417552156445123
        },
        "Bearing3_3": {
            "RMSE": 5268.883711117412,
            "PCC": -0.8635033981201616
        }
    }
}