{
    "Autoencoder learned": {
        "Bearing1_3": {
            "RMSE": 17336.488712093098,
            "PCC": 0.7720130925589548
        },
        "Bearing1_4": {
            "RMSE": 8186.108084976333,
            "PCC": 0.718674072805375
        },
        "Bearing1_5": {
            "RMSE": 18323.138380842724,
            "PCC": 0.012111938407302597
        },
        "Bearing1_6": {
            "RMSE": 18173.85368625314,
            "PCC": 0.07048100693663567
        },
        "Bearing1_7": {
            "RMSE": 16143.68724488832,
            "PCC": 0.26750759717956846
        },
        "Bearing2_3": {
            "RMSE": 13025.915876726674,
            "PCC": -0.20866232496671636
        },
        "Bearing2_4": {
            "RMSE": 7053.96560841378,
            "PCC": 0.13088133532928597
        },
        "Bearing2_5": {
            "RMSE": 16714.160930844268,
            "PCC": -0.3379309338849676
        },
        "Bearing2_6": {
            "RMSE": 7294.950525537465,
            "PCC": 0.16165045708292725
        },
        "Bearing2_7": {
            "RMSE": 10837.147655524854,
            "PCC": 0.29641852465024265
        },
        "Bearing3_3": {
            "RMSE": 9060.070334014034,
            "PCC": 0.5518663301347752
        }
    }
}