{
    "Autoencoder learned": {
        "Bearing1_3": {
            "RMSE": 15551.523746660561,
            "PCC": -0.039510916378773873
        },
        "Bearing1_4": {
            "RMSE": 11363.024084421244,
            "PCC": 0.017246669905676148
        },
        "Bearing1_5": {
            "RMSE": 15846.338215077772,
            "PCC": 0.03193116550993076
        },
        "Bearing1_6": {
            "RMSE": 15720.158606917234,
            "PCC": 0.002052852232684957
        },
        "Bearing1_7": {
            "RMSE": 13955.913693291752,
            "PCC": 0.022870772776438585
        },
        "Bearing2_3": {
            "RMSE": 11502.293380128918,
            "PCC": -0.00029494294175634676
        },
        "Bearing2_4": {
            "RMSE": 11030.735397822651,
            "PCC": 0.0012588076161948879
        },
        "Bearing2_5": {
            "RMSE": 14436.813108522938,
            "PCC": -0.004429451044527598
        },
        "Bearing2_6": {
            "RMSE": 11367.273183032465,
            "PCC": 0.02741833512084429
        },
        "Bearing2_7": {
            "RMSE": 15390.866964308523,
            "PCC": 0.03894350099873702
        },
        "Bearing3_3": {
            "RMSE": 13546.0612266356,
            "PCC": 0.009841221417025432
        }
    }
}