{
    "FrequencyPCA": {
        "Bearing1_3": {
            "RMSE": 43954.94569576418,
            "PCC": 0.40049047117044057
        },
        "Bearing1_4": {
            "RMSE": 34879.54524137863,
            "PCC": 0.36297677506914955
        },
        "Bearing1_5": {
            "RMSE": 19375.370359650147,
            "PCC": 0.32950633335671736
        },
        "Bearing1_6": {
            "RMSE": 16818.27648350824,
            "PCC": 0.29467708684316585
        },
        "Bearing1_7": {
            "RMSE": 16025.036510716614,
            "PCC": 0.5186422994279452
        },
        "Bearing2_3": {
            "RMSE": 20274.9156497506,
            "PCC": 0.06603941253177617
        },
        "Bearing2_4": {
            "RMSE": 12920.26976179785,
            "PCC": 0.2524535065236253
        },
        "Bearing2_5": {
            "RMSE": 28998.22465618474,
            "PCC": -0.1782687489911862
        },
        "Bearing2_6": {
            "RMSE": 12392.838687842856,
            "PCC": 0.23178253350577968
        },
        "Bearing2_7": {
            "RMSE": 26906.17521989167,
            "PCC": 0.21869555189259562
        }
    }
}