{
    "PCA combined": {
        "Bearing1_3": {
            "RMSE": 12934.94996346621,
            "PCC": 0.39872458284083284
        },
        "Bearing1_4": {
            "RMSE": 8000.048115344216,
            "PCC": 0.8331301630983797
        },
        "Bearing1_5": {
            "RMSE": 6630.562231707475,
            "PCC": 0.23539414264496514
        },
        "Bearing1_6": {
            "RMSE": 7081.504550509053,
            "PCC": 0.20937368195904754
        },
        "Bearing1_7": {
            "RMSE": 7340.776521746049,
            "PCC": 0.30142858108797466
        },
        "Bearing2_3": {
            "RMSE": 6231.3384660425145,
            "PCC": 0.06367565090679668
        },
        "Bearing2_4": {
            "RMSE": 7211.17046755684,
            "PCC": 0.2960440475467642
        },
        "Bearing2_5": {
            "RMSE": 5697.295397602614,
            "PCC": 0.6218762846112873
        },
        "Bearing2_6": {
            "RMSE": 1047.3705226571064,
            "PCC": 0.10687815205305655
        },
        "Bearing2_7": {
            "RMSE": 14117.53574308639,
            "PCC": 0.5559955421477979
        },
        "Bearing3_3": {
            "RMSE": 118.68065470085136,
            "PCC": -0.8770171892396842
        }
    }
}