{
    "frequency_entropy": {
        "Bearing1_3": {
            "RMSE": 7284.410587517083,
            "PCC": 0.22526133189231978
        },
        "Bearing1_4": {
            "RMSE": 3963.761654484661,
            "PCC": 0.03145819093984342
        },
        "Bearing1_5": {
            "RMSE": 4856.239946238029,
            "PCC": -0.010198095210193768
        },
        "Bearing1_6": {
            "RMSE": 6203.701418643019,
            "PCC": 0.014667758197250691
        },
        "Bearing1_7": {
            "RMSE": 6207.948997363983,
            "PCC": 0.0478517456300285
        },
        "Bearing2_3": {
            "RMSE": 5022.78299455357,
            "PCC": -0.1883986883127325
        },
        "Bearing2_4": {
            "RMSE": 5146.87328453123,
            "PCC": -0.028230644081743864
        },
        "Bearing2_5": {
            "RMSE": 6927.509756786695,
            "PCC": 0.012886614477552998
        },
        "Bearing2_6": {
            "RMSE": 6881.1129615295895,
            "PCC": 0.06370478153975807
        },
        "Bearing2_7": {
            "RMSE": 6337.340209161266,
            "PCC": 0.020594931977477558
        },
        "Bearing3_3": {
            "RMSE": 7379.247135867748,
            "PCC": -0.06812659563751612
        }
    }
}