{
    "FrequencyPCA": {
        "Bearing1_3": {
            "RMSE": 28477.693220207948,
            "PCC": 0.18215237129337963
        },
        "Bearing1_4": {
            "RMSE": 25121.89892407907,
            "PCC": -0.2210854774248434
        },
        "Bearing1_5": {
            "RMSE": 13934.460192151722,
            "PCC": 0.37987270730251915
        },
        "Bearing1_6": {
            "RMSE": 16079.38560528006,
            "PCC": 0.693824532599235
        },
        "Bearing1_7": {
            "RMSE": 13641.142474254653,
            "PCC": 0.5664386665535173
        },
        "Bearing2_3": {
            "RMSE": 15956.982923371288,
            "PCC": 0.09771589511415678
        },
        "Bearing2_4": {
            "RMSE": 6132.370936568112,
            "PCC": 0.4541263814004041
        },
        "Bearing2_5": {
            "RMSE": 18554.20509975747,
            "PCC": 0.04791255383701046
        },
        "Bearing2_6": {
            "RMSE": 2686.1840690965782,
            "PCC": 0.19650701608372428
        },
        "Bearing2_7": {
            "RMSE": 14935.053365345479,
            "PCC": 0.19435030861681032
        },
        "Bearing3_3": {
            "RMSE": 7804.368538085108,
            "PCC": -0.2856238249970403
        }
    }
}