{
    "frequency": {
        "Bearing1_3": {
            "RMSE": 8495.208172686012,
            "PCC": 0.6623522396384409
        },
        "Bearing1_4": {
            "RMSE": 4027.8459952548524,
            "PCC": 0.6198006693569349
        },
        "Bearing1_5": {
            "RMSE": 9142.529323587223,
            "PCC": -0.5086260116936158
        },
        "Bearing1_6": {
            "RMSE": 9083.13176673409,
            "PCC": -0.3539591644062975
        },
        "Bearing1_7": {
            "RMSE": 8025.799497360616,
            "PCC": 0.4535067577515743
        },
        "Bearing2_3": {
            "RMSE": 6449.037273009835,
            "PCC": -0.28983194341378515
        },
        "Bearing2_4": {
            "RMSE": 3794.1903137863355,
            "PCC": 0.01632159738501984
        },
        "Bearing2_5": {
            "RMSE": 8306.95825115402,
            "PCC": -0.47618577840824505
        },
        "Bearing2_6": {
            "RMSE": 3857.4611543460956,
            "PCC": 0.20969094861458135
        },
        "Bearing2_7": {
            "RMSE": 5479.007789006038,
            "PCC": -0.35359036804334393
        },
        "Bearing3_3": {
            "RMSE": 4547.084955457693,
            "PCC": 0.6681392404442753
        }
    }
}