{
    "FrequencyAutoencoder": {
        "Bearing1_3": {
            "RMSE": 786617.452726104,
            "PCC": -0.15475942070057389
        },
        "Bearing1_4": {
            "RMSE": 1401407.8226787415,
            "PCC": -0.35688410329474524
        },
        "Bearing1_5": {
            "RMSE": 118074.7815457355,
            "PCC": 0.10577009108252422
        },
        "Bearing1_6": {
            "RMSE": 50562.89725199387,
            "PCC": 0.060684591221181375
        },
        "Bearing1_7": {
            "RMSE": 193691.09555282636,
            "PCC": 0.08063273198762555
        },
        "Bearing2_3": {
            "RMSE": 112154.98383566464,
            "PCC": 0.02275455564218776
        },
        "Bearing2_4": {
            "RMSE": 99335.73363993547,
            "PCC": 0.1886434440406468
        },
        "Bearing2_5": {
            "RMSE": 53578.46093315286,
            "PCC": 0.0003616692494313804
        },
        "Bearing2_6": {
            "RMSE": 279475.80970494135,
            "PCC": 0.15259792705320657
        },
        "Bearing2_7": {
            "RMSE": 237203.84597284446,
            "PCC": -0.05072907733733379
        }
    }
}