{
    "FrequencyPCA": {
        "Bearing1_3": {
            "RMSE": 27571.19128575368,
            "PCC": 0.11332496130342372
        },
        "Bearing1_4": {
            "RMSE": 54059.79624980538,
            "PCC": -0.14908261102247578
        },
        "Bearing1_5": {
            "RMSE": 12111.051181123308,
            "PCC": 0.3380965076955054
        },
        "Bearing1_6": {
            "RMSE": 13845.426052099025,
            "PCC": 0.33881150373190194
        },
        "Bearing1_7": {
            "RMSE": 11137.463455327052,
            "PCC": 0.4966052631039181
        },
        "Bearing2_3": {
            "RMSE": 13386.866363265177,
            "PCC": -0.041095288922662246
        },
        "Bearing2_4": {
            "RMSE": 9641.09563366919,
            "PCC": 0.126324092889972
        },
        "Bearing2_5": {
            "RMSE": 18809.629109276615,
            "PCC": -0.2896683328058869
        },
        "Bearing2_6": {
            "RMSE": 6777.502660646161,
            "PCC": -0.03772911124023012
        },
        "Bearing2_7": {
            "RMSE": 13594.233795741153,
            "PCC": -0.07092100980322713
        },
        "Bearing3_3": {
            "RMSE": 11004.299589523618,
            "PCC": -0.04105861187188537
        }
    }
}