{
    "FrequencyPCA": {
        "Bearing1_3": {
            "RMSE": 16970.808356811038,
            "PCC": 0.7638276529707885
        },
        "Bearing1_4": {
            "RMSE": 8032.535291425439,
            "PCC": 0.6752066969957603
        },
        "Bearing1_5": {
            "RMSE": 18092.442228488173,
            "PCC": 0.025724470656391486
        },
        "Bearing1_6": {
            "RMSE": 17933.345599825203,
            "PCC": 0.06454701843589646
        },
        "Bearing1_7": {
            "RMSE": 15890.044871719989,
            "PCC": 0.7907437151420099
        },
        "Bearing2_3": {
            "RMSE": 12896.851877693145,
            "PCC": -0.2424015501562239
        },
        "Bearing2_4": {
            "RMSE": 7391.500782664586,
            "PCC": 0.07582889985930562
        },
        "Bearing2_5": {
            "RMSE": 16626.28226090141,
            "PCC": -0.5300503701653789
        },
        "Bearing2_6": {
            "RMSE": 7592.158531025038,
            "PCC": 0.16833325283024977
        },
        "Bearing2_7": {
            "RMSE": 11229.044114884275,
            "PCC": 0.23453685530878393
        },
        "Bearing3_3": {
            "RMSE": 9092.57053135856,
            "PCC": 0.7895671455473013
        }
    }
}