{
    "FrequencyAutoencoder": {
        "Bearing1_3": {
            "RMSE": 18203.562679929415,
            "PCC": 0.33222787482670274
        },
        "Bearing1_4": {
            "RMSE": 43931.50220705387,
            "PCC": -0.05833936534593757
        },
        "Bearing1_5": {
            "RMSE": 19941.51351858939,
            "PCC": 0.5880238640424376
        },
        "Bearing1_6": {
            "RMSE": 22358.98640830708,
            "PCC": 0.5885911576595934
        },
        "Bearing1_7": {
            "RMSE": 17196.317453262986,
            "PCC": 0.6163360154887815
        },
        "Bearing2_3": {
            "RMSE": 13828.597689963917,
            "PCC": 0.24964387790867226
        },
        "Bearing2_4": {
            "RMSE": 6893.933628228174,
            "PCC": 0.5855758523071243
        },
        "Bearing2_5": {
            "RMSE": 17144.2107162618,
            "PCC": 0.36701220969750353
        },
        "Bearing2_6": {
            "RMSE": 4291.283088345553,
            "PCC": 0.5127342539456351
        },
        "Bearing2_7": {
            "RMSE": 13549.71161715345,
            "PCC": 0.47319492091043824
        },
        "Bearing3_3": {
            "RMSE": 7384.9330853290285,
            "PCC": 0.41515735391876163
        }
    }
}