{
    "Autoencoder learned": {
        "Bearing1_3": {
            "RMSE": 17301.39682525716,
            "PCC": 0.7782939548994711
        },
        "Bearing1_4": {
            "RMSE": 6508.276081785647,
            "PCC": 0.7782146061596169
        },
        "Bearing1_5": {
            "RMSE": 14859.27131187705,
            "PCC": 0.11368060329165094
        },
        "Bearing1_6": {
            "RMSE": 16503.55408490875,
            "PCC": 0.11410447667597261
        },
        "Bearing1_7": {
            "RMSE": 15483.134434352383,
            "PCC": 0.3159522341116332
        },
        "Bearing2_3": {
            "RMSE": 12432.426249064312,
            "PCC": -0.1892665844140243
        },
        "Bearing2_4": {
            "RMSE": 6513.658170624893,
            "PCC": 0.1454200006377986
        },
        "Bearing2_5": {
            "RMSE": 16588.939002617495,
            "PCC": -0.3125831294352234
        },
        "Bearing2_6": {
            "RMSE": 7962.658966162139,
            "PCC": 0.3147322224314607
        },
        "Bearing2_7": {
            "RMSE": 9465.025573734089,
            "PCC": 0.3132806226404538
        },
        "Bearing3_3": {
            "RMSE": 9513.299362027756,
            "PCC": 0.7008573211566702
        }
    }
}