{
    "CNNEmbedding": {
        "Bearing1_3": {
            "RMSE": 6015.367950958294,
            "PCC": 0.7983098485855445
        },
        "Bearing1_4": {
            "RMSE": 76083.11272306823,
            "PCC": -0.752748029140669
        },
        "Bearing1_5": {
            "RMSE": 7064.033103984438,
            "PCC": 0.3146404765687822
        },
        "Bearing1_6": {
            "RMSE": 11079.058979856698,
            "PCC": 0.04118689718926815
        },
        "Bearing1_7": {
            "RMSE": 6815.937817929876,
            "PCC": 0.7397991574927618
        },
        "Bearing2_3": {
            "RMSE": 4314.834829252012,
            "PCC": 0.5805793139087132
        },
        "Bearing2_4": {
            "RMSE": 2647.013330945505,
            "PCC": 0.05051234049654262
        },
        "Bearing2_5": {
            "RMSE": 8104.757386013232,
            "PCC": 0.22074097262101064
        },
        "Bearing2_6": {
            "RMSE": 4874.800128716956,
            "PCC": 0.5672366087493068
        },
        "Bearing2_7": {
            "RMSE": 7795.015347318354,
            "PCC": 0.4125095692784975
        },
        "Bearing3_3": {
            "RMSE": 13750.888315465649,
            "PCC": -0.323091664720871
        }
    }
}