{
    "FrequencyStatisticalPCA": {
        "Bearing1_3": {
            "RMSE": 63060.17616695389,
            "PCC": 0.037681109198889874
        },
        "Bearing1_4": {
            "RMSE": 19109.92643754539,
            "PCC": -0.6016723366482667
        },
        "Bearing1_5": {
            "RMSE": 7816.940892838336,
            "PCC": 0.18599658357951845
        },
        "Bearing1_6": {
            "RMSE": 5425.721786956025,
            "PCC": 0.6869421382702402
        },
        "Bearing1_7": {
            "RMSE": 7494.174345130347,
            "PCC": 0.007472817620457964
        },
        "Bearing2_3": {
            "RMSE": 45115.71719057794,
            "PCC": -0.10678821529976917
        },
        "Bearing2_4": {
            "RMSE": 8381.717692215117,
            "PCC": 0.23709568740422385
        },
        "Bearing2_5": {
            "RMSE": 7117.292452108511,
            "PCC": 0.18414722273557907
        },
        "Bearing2_6": {
            "RMSE": 6739.476289323589,
            "PCC": 0.31297136520822716
        },
        "Bearing2_7": {
            "RMSE": 12964.491281902237,
            "PCC": 0.36423498455122444
        },
        "Bearing3_3": {
            "RMSE": 5941.551783622185,
            "PCC": 0.7220989209027252
        }
    }
}