{
    "FrequencyAutoencoder": {
        "Bearing1_3": {
            "RMSE": 28346.070793095078,
            "PCC": -0.030927119849460803
        },
        "Bearing1_4": {
            "RMSE": 32513.074785987494,
            "PCC": 0.2038862042177559
        },
        "Bearing1_5": {
            "RMSE": 14916.187718420451,
            "PCC": 0.36528031455262544
        },
        "Bearing1_6": {
            "RMSE": 14532.346933156425,
            "PCC": 0.42816401469582277
        },
        "Bearing1_7": {
            "RMSE": 12014.50177200747,
            "PCC": 0.5367951129635622
        },
        "Bearing2_3": {
            "RMSE": 12846.376025368643,
            "PCC": -0.10802892886723109
        },
        "Bearing2_4": {
            "RMSE": 11432.818476164197,
            "PCC": 0.10959209029679627
        },
        "Bearing2_5": {
            "RMSE": 16293.088874390925,
            "PCC": -0.15489934785973233
        },
        "Bearing2_6": {
            "RMSE": 8102.841172165535,
            "PCC": 0.23285407140510908
        },
        "Bearing2_7": {
            "RMSE": 18560.26204322136,
            "PCC": 0.08805151066414936
        },
        "Bearing3_3": {
            "RMSE": 8948.263840565312,
            "PCC": 0.6198478194585386
        }
    }
}