{
    "statistical": {
        "Bearing1_3": {
            "RMSE": 32254.057336526294,
            "PCC": 0.09353918356231941
        },
        "Bearing1_4": {
            "RMSE": 15440.934230267765,
            "PCC": 0.5756650454540364
        },
        "Bearing1_5": {
            "RMSE": 10096.086852306029,
            "PCC": 0.4732274904384147
        },
        "Bearing1_6": {
            "RMSE": 6070.47815965343,
            "PCC": 0.5661368999404055
        },
        "Bearing1_7": {
            "RMSE": 6685.951045686172,
            "PCC": 0.5487337786809423
        },
        "Bearing2_3": {
            "RMSE": 6559.151772979709,
            "PCC": 0.13386868666260884
        },
        "Bearing2_4": {
            "RMSE": 5383.8222737739825,
            "PCC": 0.44588064617673945
        },
        "Bearing2_5": {
            "RMSE": 7337.3495950662045,
            "PCC": 0.47348964045598463
        },
        "Bearing2_6": {
            "RMSE": 5909.3831153451565,
            "PCC": 0.7520835285622699
        },
        "Bearing2_7": {
            "RMSE": 14908.610505942937,
            "PCC": 0.38358773888956715
        },
        "Bearing3_3": {
            "RMSE": 2507.1307657969237,
            "PCC": 0.6202420064437307
        }
    }
}