{
    "frequency": {
        "Bearing1_3": {
            "RMSE": 754877.8692887967,
            "PCC": -0.04572660804124403
        },
        "Bearing1_4": {
            "RMSE": 43770.31724812348,
            "PCC": 0.26916213779733367
        },
        "Bearing1_5": {
            "RMSE": 9424.45289835411,
            "PCC": 0.7251305682683294
        },
        "Bearing1_6": {
            "RMSE": 7805.571946672809,
            "PCC": 0.6829289291944887
        },
        "Bearing1_7": {
            "RMSE": 7705.239963026884,
            "PCC": -0.20368674182612925
        },
        "Bearing2_3": {
            "RMSE": 7157.392293554447,
            "PCC": 0.11286718570768214
        },
        "Bearing2_4": {
            "RMSE": 2757.3815760530806,
            "PCC": 0.44056649511995827
        },
        "Bearing2_5": {
            "RMSE": 9365.760836729967,
            "PCC": -0.024410715577670772
        },
        "Bearing2_6": {
            "RMSE": 2983.7527480349927,
            "PCC": 0.7536634716749232
        },
        "Bearing2_7": {
            "RMSE": 10315.844094178354,
            "PCC": 0.5548845871993825
        },
        "Bearing3_3": {
            "RMSE": 5788.943093740723,
            "PCC": 0.5516058924672813
        }
    }
}