{
    "frequency_entropy": {
        "Bearing1_3": {
            "RMSE": 7078.950802207024,
            "PCC": 0.1280527784623216
        },
        "Bearing1_4": {
            "RMSE": 4297.753555561879,
            "PCC": 0.028867747815393117
        },
        "Bearing1_5": {
            "RMSE": 4803.609590104968,
            "PCC": -0.005167942200297218
        },
        "Bearing1_6": {
            "RMSE": 6046.742694152874,
            "PCC": 0.017587968010221486
        },
        "Bearing1_7": {
            "RMSE": 6048.8824600524185,
            "PCC": 0.054347158382608396
        },
        "Bearing2_3": {
            "RMSE": 4970.40578463115,
            "PCC": -0.13599620001784682
        },
        "Bearing2_4": {
            "RMSE": 5566.265766191138,
            "PCC": -0.04445433604341464
        },
        "Bearing2_5": {
            "RMSE": 6745.123617958648,
            "PCC": -0.00540986863949578
        },
        "Bearing2_6": {
            "RMSE": 7303.7768359532965,
            "PCC": -0.024179935781283548
        },
        "Bearing2_7": {
            "RMSE": 6770.598481856949,
            "PCC": 0.038938892805266655
        },
        "Bearing3_3": {
            "RMSE": 7761.975965539281,
            "PCC": -0.00867855757889188
        }
    }
}