{
    "PCA learned": {
        "Bearing1_3": {
            "RMSE": 26435.42485009293,
            "PCC": 0.028451792648064723
        },
        "Bearing1_4": {
            "RMSE": 13341.121267219873,
            "PCC": -0.02228976707999209
        },
        "Bearing1_5": {
            "RMSE": 23791.16117383183,
            "PCC": -0.09527783755134243
        },
        "Bearing1_6": {
            "RMSE": 25552.079497891267,
            "PCC": -0.0628092867522619
        },
        "Bearing1_7": {
            "RMSE": 24466.660990006618,
            "PCC": 0.02905419073210234
        },
        "Bearing2_3": {
            "RMSE": 21089.161879779273,
            "PCC": 0.12593039062314984
        },
        "Bearing2_4": {
            "RMSE": 7244.302272166027,
            "PCC": -0.02740656951196629
        },
        "Bearing2_5": {
            "RMSE": 25638.68203840386,
            "PCC": -0.09544534278610525
        },
        "Bearing2_6": {
            "RMSE": 4715.507443561774,
            "PCC": 0.17397634080362087
        },
        "Bearing2_7": {
            "RMSE": 2660.1409736734254,
            "PCC": 0.19492316909834764
        }
    }
}