{
    "Autoencoder learned": {
        "Bearing1_3": {
            "RMSE": 13893.698280274559,
            "PCC": 0.49140704007056013
        },
        "Bearing1_4": {
            "RMSE": 8788.5691844167,
            "PCC": 0.5314269522244662
        },
        "Bearing1_5": {
            "RMSE": 12360.355372045771,
            "PCC": 0.02885913237461199
        },
        "Bearing1_6": {
            "RMSE": 13846.303802930774,
            "PCC": 0.01729322106165611
        },
        "Bearing1_7": {
            "RMSE": 12797.46705072349,
            "PCC": 0.16250229737837876
        },
        "Bearing2_3": {
            "RMSE": 11146.31470439377,
            "PCC": -0.141586974319652
        },
        "Bearing2_4": {
            "RMSE": 12109.542192355642,
            "PCC": -0.0009402546822749544
        },
        "Bearing2_5": {
            "RMSE": 14080.642039901863,
            "PCC": -0.18981615121353873
        },
        "Bearing2_6": {
            "RMSE": 14039.623030481689,
            "PCC": 0.23655404482424403
        },
        "Bearing2_7": {
            "RMSE": 15149.732810015177,
            "PCC": 0.1330014073854046
        },
        "Bearing3_3": {
            "RMSE": 14484.093187365388,
            "PCC": 0.5415627861589105
        }
    }
}