{
    "FrequencyStatisticalPCA": {
        "Bearing1_3": {
            "RMSE": 67372.3952628429,
            "PCC": 0.08779048643840832
        },
        "Bearing1_4": {
            "RMSE": 198449.76380860768,
            "PCC": -0.7466402525475624
        },
        "Bearing1_5": {
            "RMSE": 10995.50695190085,
            "PCC": 0.19804808056712125
        },
        "Bearing1_6": {
            "RMSE": 12400.394482624448,
            "PCC": -0.25999166737636253
        },
        "Bearing1_7": {
            "RMSE": 14865.946651524142,
            "PCC": 0.2409941638331966
        },
        "Bearing2_3": {
            "RMSE": 30970.293766316983,
            "PCC": -0.015503098589222965
        },
        "Bearing2_4": {
            "RMSE": 12491.967459494545,
            "PCC": 0.3963671261358142
        },
        "Bearing2_5": {
            "RMSE": 8899.71405357718,
            "PCC": 0.10190615608593377
        },
        "Bearing2_6": {
            "RMSE": 5987.419244077353,
            "PCC": 0.24747572685463912
        },
        "Bearing2_7": {
            "RMSE": 10545.147602766423,
            "PCC": 0.0475186123734837
        },
        "Bearing3_3": {
            "RMSE": 6976.43481011055,
            "PCC": -0.9077103090956186
        }
    }
}