{
    "statistical": {
        "Bearing1_3": {
            "RMSE": 8085.8665140857565,
            "PCC": 0.7807632021459285
        },
        "Bearing1_4": {
            "RMSE": 2740.600700492242,
            "PCC": 0.809479188271558
        },
        "Bearing1_5": {
            "RMSE": 5311.9436713121095,
            "PCC": 0.22337779206868444
        },
        "Bearing1_6": {
            "RMSE": 6924.345419011093,
            "PCC": 0.20729171954959658
        },
        "Bearing1_7": {
            "RMSE": 6925.050874299251,
            "PCC": 0.4145184095863474
        },
        "Bearing2_3": {
            "RMSE": 5545.811923434555,
            "PCC": -0.2751964204987808
        },
        "Bearing2_4": {
            "RMSE": 3736.3733907024657,
            "PCC": 0.17725684405086062
        },
        "Bearing2_5": {
            "RMSE": 7740.117345349357,
            "PCC": -0.23140402970383928
        },
        "Bearing2_6": {
            "RMSE": 5332.949294169708,
            "PCC": 0.5675042578735567
        },
        "Bearing2_7": {
            "RMSE": 4833.605645838395,
            "PCC": 0.273896489007305
        },
        "Bearing3_3": {
            "RMSE": 5281.121483260093,
            "PCC": -0.8485284000669518
        }
    }
}