{
    "PCA learned": {
        "Bearing1_3": {
            "RMSE": 17165.78382517552,
            "PCC": 0.7875035188090681
        },
        "Bearing1_4": {
            "RMSE": 6288.921458372932,
            "PCC": 0.7820163323022505
        },
        "Bearing1_5": {
            "RMSE": 14763.350089337864,
            "PCC": 0.15891934327687862
        },
        "Bearing1_6": {
            "RMSE": 16421.490836894573,
            "PCC": 0.1458827424409314
        },
        "Bearing1_7": {
            "RMSE": 15390.411719326095,
            "PCC": 0.566721695040294
        },
        "Bearing2_3": {
            "RMSE": 12371.482267571704,
            "PCC": -0.1630162519244245
        },
        "Bearing2_4": {
            "RMSE": 6640.097028713406,
            "PCC": 0.17519158809177482
        },
        "Bearing2_5": {
            "RMSE": 16530.784969018976,
            "PCC": -0.45212530681199564
        },
        "Bearing2_6": {
            "RMSE": 8105.7880777734645,
            "PCC": 0.3253027930756745
        },
        "Bearing2_7": {
            "RMSE": 9596.439701464667,
            "PCC": 0.3299006235529956
        },
        "Bearing3_3": {
            "RMSE": 9460.806300216289,
            "PCC": 0.8732934266170919
        }
    }
}