{
    "entropy": {
        "Bearing1_3": {
            "RMSE": 7941.34125748265,
            "PCC": -0.1418778393275607
        },
        "Bearing1_4": {
            "RMSE": 3858.824736215715,
            "PCC": 0.6217207734813688
        },
        "Bearing1_5": {
            "RMSE": 7371.424700506804,
            "PCC": 0.6690077021648616
        },
        "Bearing1_6": {
            "RMSE": 7401.646782322954,
            "PCC": 0.2638134366965006
        },
        "Bearing1_7": {
            "RMSE": 6288.6487451591165,
            "PCC": 0.634749303075628
        },
        "Bearing2_3": {
            "RMSE": 4683.20895400287,
            "PCC": 0.7168505437666943
        },
        "Bearing2_4": {
            "RMSE": 7170.83634587257,
            "PCC": 0.629873042524983
        },
        "Bearing2_5": {
            "RMSE": 7234.606148747938,
            "PCC": -0.11247690757066518
        },
        "Bearing2_6": {
            "RMSE": 6874.550931676038,
            "PCC": 0.6430545960764205
        },
        "Bearing2_7": {
            "RMSE": 9912.417160757112,
            "PCC": 0.2292128156670342
        },
        "Bearing3_3": {
            "RMSE": 6531.869430821236,
            "PCC": 0.7898376453757312
        }
    }
}