{
    "frequency_entropy": {
        "Bearing1_3": {
            "RMSE": 7593.483541537461,
            "PCC": 0.2288099923139977
        },
        "Bearing1_4": {
            "RMSE": 4369.076963700338,
            "PCC": 0.016297123307649236
        },
        "Bearing1_5": {
            "RMSE": 8025.046410827972,
            "PCC": 0.014951393719435893
        },
        "Bearing1_6": {
            "RMSE": 7952.149309215791,
            "PCC": 0.010281282762716316
        },
        "Bearing1_7": {
            "RMSE": 7058.03317200158,
            "PCC": 0.04321466427856967
        },
        "Bearing2_3": {
            "RMSE": 5777.622600122408,
            "PCC": -0.11039562559985429
        },
        "Bearing2_4": {
            "RMSE": 5302.783725774238,
            "PCC": -0.014543142891388021
        },
        "Bearing2_5": {
            "RMSE": 7300.585704177985,
            "PCC": 0.0176439154410119
        },
        "Bearing2_6": {
            "RMSE": 5473.891046360812,
            "PCC": 0.023151683917235058
        },
        "Bearing2_7": {
            "RMSE": 7473.065404625599,
            "PCC": 0.019583447569336786
        },
        "Bearing3_3": {
            "RMSE": 6545.804913317384,
            "PCC": -0.06713399840645472
        }
    }
}