{
    "FrequencyStatisticalAutoencoder": {
        "Bearing1_3": {
            "RMSE": 8591.96628951406,
            "PCC": 0.762258361986021
        },
        "Bearing1_4": {
            "RMSE": 4054.504726746556,
            "PCC": 0.6707743430045089
        },
        "Bearing1_5": {
            "RMSE": 9111.44397768625,
            "PCC": 0.5843272186016094
        },
        "Bearing1_6": {
            "RMSE": 9016.34677231484,
            "PCC": 0.3247570466315781
        },
        "Bearing1_7": {
            "RMSE": 8014.746439602132,
            "PCC": 0.2114807996388202
        },
        "Bearing2_3": {
            "RMSE": 6486.614320461179,
            "PCC": 0.19364456417691112
        },
        "Bearing2_4": {
            "RMSE": 3554.608661690372,
            "PCC": 0.2557336178067966
        },
        "Bearing2_5": {
            "RMSE": 8312.379178419364,
            "PCC": 0.0509264030353724
        },
        "Bearing2_6": {
            "RMSE": 3624.928469191696,
            "PCC": 0.3480790623549471
        },
        "Bearing2_7": {
            "RMSE": 5495.990421261729,
            "PCC": 0.5689543250392994
        },
        "Bearing3_3": {
            "RMSE": 4452.509758496147,
            "PCC": 0.6203988768061707
        }
    }
}