{
    "PCA combined": {
        "Bearing1_3": {
            "RMSE": 24971.946328343445,
            "PCC": -0.039257313755721106
        },
        "Bearing1_4": {
            "RMSE": 85941.04998117992,
            "PCC": -0.5940090401486842
        },
        "Bearing1_5": {
            "RMSE": 6443.551457356862,
            "PCC": 0.436566795879112
        },
        "Bearing1_6": {
            "RMSE": 7067.221453342673,
            "PCC": 0.47482079210621775
        },
        "Bearing1_7": {
            "RMSE": 6239.512472157963,
            "PCC": 0.33428819770763213
        },
        "Bearing2_3": {
            "RMSE": 21804.246011259693,
            "PCC": -0.06648525063352248
        },
        "Bearing2_4": {
            "RMSE": 7707.8728074708215,
            "PCC": 0.3639879973236638
        },
        "Bearing2_5": {
            "RMSE": 6600.6581482649435,
            "PCC": 0.22701608135119297
        },
        "Bearing2_6": {
            "RMSE": 7287.913228193446,
            "PCC": 0.6061891166856851
        },
        "Bearing2_7": {
            "RMSE": 14079.889507856338,
            "PCC": 0.158574646803915
        },
        "Bearing3_3": {
            "RMSE": 8466.363814121294,
            "PCC": 0.5261971779779011
        }
    }
}