{
    "CNNEmbedding": {
        "Bearing1_3": {
            "RMSE": 6882.315986168732,
            "PCC": 0.81331944271075
        },
        "Bearing1_4": {
            "RMSE": 58890.71862626956,
            "PCC": -0.5797121447568251
        },
        "Bearing1_5": {
            "RMSE": 9567.566093511714,
            "PCC": 0.6830980303306555
        },
        "Bearing1_6": {
            "RMSE": 11960.57384335624,
            "PCC": 0.6254947653584071
        },
        "Bearing1_7": {
            "RMSE": 6412.090964512637,
            "PCC": 0.6017388826703791
        },
        "Bearing2_3": {
            "RMSE": 6180.026686473473,
            "PCC": 0.4234185964225578
        },
        "Bearing2_4": {
            "RMSE": 3826.457890488681,
            "PCC": 0.45496427785199794
        },
        "Bearing2_5": {
            "RMSE": 7641.816054348784,
            "PCC": 0.4023532565902939
        },
        "Bearing2_6": {
            "RMSE": 2576.3197679478712,
            "PCC": 0.5063517105886255
        },
        "Bearing2_7": {
            "RMSE": 10429.560043974509,
            "PCC": 0.4129976493480341
        },
        "Bearing3_3": {
            "RMSE": 3615.3966636752716,
            "PCC": 0.6975563815639125
        }
    }
}