{
    "FrequencyStatisticalAutoencoder": {
        "Bearing1_3": {
            "RMSE": 214837.21569780735,
            "PCC": 0.021596352709240152
        },
        "Bearing1_4": {
            "RMSE": 30521.113903695186,
            "PCC": -0.2601740963112253
        },
        "Bearing1_5": {
            "RMSE": 6064.528890984327,
            "PCC": 0.08177072371154247
        },
        "Bearing1_6": {
            "RMSE": 6602.790112701024,
            "PCC": 0.2815598676839331
        },
        "Bearing1_7": {
            "RMSE": 12510.690739976335,
            "PCC": -0.32372594549708367
        },
        "Bearing2_3": {
            "RMSE": 160831.62238867837,
            "PCC": -0.12079488259810513
        },
        "Bearing2_4": {
            "RMSE": 22239.742708148675,
            "PCC": 0.2390761249810358
        },
        "Bearing2_5": {
            "RMSE": 6882.142321187109,
            "PCC": 0.41611238667666844
        },
        "Bearing2_6": {
            "RMSE": 15019.707014886924,
            "PCC": 0.4972891520034312
        },
        "Bearing2_7": {
            "RMSE": 19842.286726727143,
            "PCC": 0.1644436991234134
        },
        "Bearing3_3": {
            "RMSE": 9826.13471818904,
            "PCC": -0.7882494621733664
        }
    }
}