{
    "Autoencoder combined": {
        "Bearing1_3": {
            "RMSE": 13716.398943964228,
            "PCC": 0.007514082084832066
        },
        "Bearing1_4": {
            "RMSE": 8248.891844767191,
            "PCC": -0.019425666478885596
        },
        "Bearing1_5": {
            "RMSE": 14224.46707821808,
            "PCC": 0.024370262955166037
        },
        "Bearing1_6": {
            "RMSE": 14137.864635929802,
            "PCC": 0.02418305307516861
        },
        "Bearing1_7": {
            "RMSE": 13046.672418187452,
            "PCC": 0.01833045849669206
        },
        "Bearing2_3": {
            "RMSE": 11291.527789088394,
            "PCC": 0.010685876654547528
        },
        "Bearing2_4": {
            "RMSE": 4340.230407620251,
            "PCC": -0.034900114935819904
        },
        "Bearing2_5": {
            "RMSE": 13346.894542216674,
            "PCC": 0.014163266172538975
        },
        "Bearing2_6": {
            "RMSE": 4051.5552568774606,
            "PCC": 0.0044732237525324705
        },
        "Bearing2_7": {
            "RMSE": 1332.2349642611846,
            "PCC": 0.06916116323226448
        }
    }
}