{
    "frequency_entropy": {
        "Bearing1_3": {
            "RMSE": 8170.693824150836,
            "PCC": 0.2703368246763642
        },
        "Bearing1_4": {
            "RMSE": 2942.4985790790606,
            "PCC": 0.021705403225937312
        },
        "Bearing1_5": {
            "RMSE": 5351.67437456965,
            "PCC": -0.013718467189385736
        },
        "Bearing1_6": {
            "RMSE": 6969.296157961501,
            "PCC": 0.0031149252237158333
        },
        "Bearing1_7": {
            "RMSE": 6974.5307163632,
            "PCC": 0.01732615922592386
        },
        "Bearing2_3": {
            "RMSE": 5546.059675208625,
            "PCC": -0.22275343229578168
        },
        "Bearing2_4": {
            "RMSE": 3669.5080338341827,
            "PCC": 0.010117365063985844
        },
        "Bearing2_5": {
            "RMSE": 7773.649888644251,
            "PCC": 0.03612770630775488
        },
        "Bearing2_6": {
            "RMSE": 5320.362013071247,
            "PCC": 0.15196752158374027
        },
        "Bearing2_7": {
            "RMSE": 4781.32093294581,
            "PCC": -0.02102108606140123
        },
        "Bearing3_3": {
            "RMSE": 5840.019243628984,
            "PCC": -0.12970053435835552
        }
    }
}