{
    "statistical": {
        "Bearing1_3": {
            "RMSE": 147656.60748430292,
            "PCC": 0.04574304938180755
        },
        "Bearing1_4": {
            "RMSE": 112621.61120408421,
            "PCC": -0.7199271625799438
        },
        "Bearing1_5": {
            "RMSE": 4946.435249064049,
            "PCC": 0.27161277967760855
        },
        "Bearing1_6": {
            "RMSE": 6036.977269306798,
            "PCC": 0.17933684633278174
        },
        "Bearing1_7": {
            "RMSE": 5074.920655779642,
            "PCC": 0.46362803764252525
        },
        "Bearing2_3": {
            "RMSE": 7911.90875507982,
            "PCC": 0.0273855800046947
        },
        "Bearing2_4": {
            "RMSE": 8896.02612469304,
            "PCC": 0.08292840775367546
        },
        "Bearing2_5": {
            "RMSE": 6260.948486061452,
            "PCC": 0.10070418805869236
        },
        "Bearing2_6": {
            "RMSE": 8326.677192464027,
            "PCC": 0.49777953553320725
        },
        "Bearing2_7": {
            "RMSE": 11029.444631567647,
            "PCC": 0.3076926876832328
        },
        "Bearing3_3": {
            "RMSE": 5316.666374429807,
            "PCC": 0.7102797435859484
        }
    }
}