{
    "FrequencyStatisticalPCA": {
        "Bearing1_3": {
            "RMSE": 11057.699296263105,
            "PCC": 0.4257138402689123
        },
        "Bearing1_4": {
            "RMSE": 4986.800849755796,
            "PCC": 0.07816092498535666
        },
        "Bearing1_5": {
            "RMSE": 9492.997891853362,
            "PCC": 0.2662926750587895
        },
        "Bearing1_6": {
            "RMSE": 10248.080006953203,
            "PCC": -0.018302263701333886
        },
        "Bearing1_7": {
            "RMSE": 11065.140566927166,
            "PCC": 0.20328071562811648
        },
        "Bearing2_3": {
            "RMSE": 9039.15841117651,
            "PCC": 0.015117043592242781
        },
        "Bearing2_4": {
            "RMSE": 3456.1482910090044,
            "PCC": -0.1345024173947515
        },
        "Bearing2_5": {
            "RMSE": 10952.913569002827,
            "PCC": 0.2638152548617851
        },
        "Bearing2_6": {
            "RMSE": 661.5898731851116,
            "PCC": -0.08460526565459711
        },
        "Bearing2_7": {
            "RMSE": 4734.41602520816,
            "PCC": -0.03118151851908408
        }
    }
}