{
    "FrequencyPCA": {
        "Bearing1_3": {
            "RMSE": 27768.764827135044,
            "PCC": 0.15928759234052323
        },
        "Bearing1_4": {
            "RMSE": 24933.35664962776,
            "PCC": 0.07371593580047307
        },
        "Bearing1_5": {
            "RMSE": 16280.29859416331,
            "PCC": 0.5814366915505504
        },
        "Bearing1_6": {
            "RMSE": 17003.227256678732,
            "PCC": 0.7271815470916085
        },
        "Bearing1_7": {
            "RMSE": 13845.72333921675,
            "PCC": 0.6744001224975331
        },
        "Bearing2_3": {
            "RMSE": 16654.25904364734,
            "PCC": -0.0017445323574519105
        },
        "Bearing2_4": {
            "RMSE": 6370.285001184679,
            "PCC": 0.18596993045334267
        },
        "Bearing2_5": {
            "RMSE": 18319.04462195869,
            "PCC": 0.26703725716581034
        },
        "Bearing2_6": {
            "RMSE": 3627.6681641787995,
            "PCC": 0.4485050304506907
        },
        "Bearing2_7": {
            "RMSE": 13695.064509455327,
            "PCC": -0.0017814937838935086
        },
        "Bearing3_3": {
            "RMSE": 11299.820747174648,
            "PCC": -0.0192744849602611
        }
    }
}