{
    "CNNEmbedding": {
        "Bearing1_3": {
            "RMSE": 5193.188814570958,
            "PCC": 0.9464156669023673
        },
        "Bearing1_4": {
            "RMSE": 5148.857924126386,
            "PCC": 0.47147871989369033
        },
        "Bearing1_5": {
            "RMSE": 7568.208351699159,
            "PCC": 0.35397583886158407
        },
        "Bearing1_6": {
            "RMSE": 9864.851711157258,
            "PCC": 0.5086052996258625
        },
        "Bearing1_7": {
            "RMSE": 8115.8518597865705,
            "PCC": 0.7632588855350017
        },
        "Bearing2_3": {
            "RMSE": 3982.283349234646,
            "PCC": 0.5883348327864083
        },
        "Bearing2_4": {
            "RMSE": 4527.385907812124,
            "PCC": 0.5473116456203402
        },
        "Bearing2_5": {
            "RMSE": 9292.689449007472,
            "PCC": 0.5039755073952065
        },
        "Bearing2_6": {
            "RMSE": 3210.4961031370326,
            "PCC": 0.5595432851217589
        },
        "Bearing2_7": {
            "RMSE": 7777.909356886345,
            "PCC": 0.8121854580358059
        },
        "Bearing3_3": {
            "RMSE": 148.01844339023148,
            "PCC": -0.432263052743076
        }
    }
}