{
    "PCA combined": {
        "Bearing1_3": {
            "RMSE": 17455.677124026573,
            "PCC": 0.06838050490336847
        },
        "Bearing1_4": {
            "RMSE": 77506.55555439895,
            "PCC": -0.7630385475729079
        },
        "Bearing1_5": {
            "RMSE": 5454.222091529823,
            "PCC": 0.14287985864442873
        },
        "Bearing1_6": {
            "RMSE": 8111.821727824118,
            "PCC": 0.14935595676333918
        },
        "Bearing1_7": {
            "RMSE": 6717.690826624866,
            "PCC": -0.08774914190372766
        },
        "Bearing2_3": {
            "RMSE": 12846.767286629378,
            "PCC": -0.1255358930097396
        },
        "Bearing2_4": {
            "RMSE": 7917.128730803063,
            "PCC": 0.14240216378840068
        },
        "Bearing2_5": {
            "RMSE": 5682.441148152803,
            "PCC": 0.46167077762522474
        },
        "Bearing2_6": {
            "RMSE": 5293.073892012562,
            "PCC": 0.4546747953572273
        },
        "Bearing2_7": {
            "RMSE": 8797.133817036483,
            "PCC": 0.3414983052750838
        },
        "Bearing3_3": {
            "RMSE": 5645.451581957687,
            "PCC": -0.05345439985088914
        }
    }
}