{
    "entropy": {
        "Bearing1_3": {
            "RMSE": 7527.534751958951,
            "PCC": 0.44330655224507876
        },
        "Bearing1_4": {
            "RMSE": 4928.449279221652,
            "PCC": 0.18697744929345425
        },
        "Bearing1_5": {
            "RMSE": 7056.380146547771,
            "PCC": 0.2594713272271019
        },
        "Bearing1_6": {
            "RMSE": 5477.777689562577,
            "PCC": 0.42176949529378105
        },
        "Bearing1_7": {
            "RMSE": 5934.181931103884,
            "PCC": 0.17327081678905903
        },
        "Bearing2_3": {
            "RMSE": 2737668.962841585,
            "PCC": 0.11267237027830614
        },
        "Bearing2_4": {
            "RMSE": 8050.643168450767,
            "PCC": -0.546887546013857
        },
        "Bearing2_5": {
            "RMSE": 8966.62243677804,
            "PCC": -0.07495979502944294
        },
        "Bearing2_6": {
            "RMSE": 7671.159326833399,
            "PCC": 0.057370021707230476
        },
        "Bearing2_7": {
            "RMSE": 2611095.806453032,
            "PCC": 0.21492667661466805
        }
    }
}