{
    "PCA learned": {
        "Bearing1_3": {
            "RMSE": 27428.452058236962,
            "PCC": 0.014652086926124231
        },
        "Bearing1_4": {
            "RMSE": 16493.453751917226,
            "PCC": 0.014757963173954461
        },
        "Bearing1_5": {
            "RMSE": 28444.604349746387,
            "PCC": 0.015454013982430426
        },
        "Bearing1_6": {
            "RMSE": 28271.399269661702,
            "PCC": -0.07536086370234138
        },
        "Bearing1_7": {
            "RMSE": 26089.01524906131,
            "PCC": 0.04156100682821433
        },
        "Bearing2_3": {
            "RMSE": 22578.724797944713,
            "PCC": 0.09158461930255671
        },
        "Bearing2_4": {
            "RMSE": 8676.12515846965,
            "PCC": 0.1438003129242423
        },
        "Bearing2_5": {
            "RMSE": 26689.457002978852,
            "PCC": 0.07253899099063116
        },
        "Bearing2_6": {
            "RMSE": 8098.77455268823,
            "PCC": -0.06677950682240763
        },
        "Bearing2_7": {
            "RMSE": 2660.140973024218,
            "PCC": 0.06418978703325602
        }
    }
}