{
    "FrequencyStatisticalPCA": {
        "Bearing1_3": {
            "RMSE": 8075.479021880431,
            "PCC": 0.7672736671181193
        },
        "Bearing1_4": {
            "RMSE": 2779.7234790302446,
            "PCC": 0.802817176935046
        },
        "Bearing1_5": {
            "RMSE": 5313.5057119983585,
            "PCC": 0.36347247733245464
        },
        "Bearing1_6": {
            "RMSE": 6906.329066452495,
            "PCC": 0.2740385473159532
        },
        "Bearing1_7": {
            "RMSE": 6911.520153496351,
            "PCC": 0.20497480378371716
        },
        "Bearing2_3": {
            "RMSE": 5532.590752998106,
            "PCC": 0.03262478800322336
        },
        "Bearing2_4": {
            "RMSE": 3718.872057040989,
            "PCC": 0.3041611911335058
        },
        "Bearing2_5": {
            "RMSE": 7718.7622098942575,
            "PCC": 0.24312636281563574
        },
        "Bearing2_6": {
            "RMSE": 5284.929162508079,
            "PCC": 0.5201908854777096
        },
        "Bearing2_7": {
            "RMSE": 4863.157005279066,
            "PCC": 0.5441424183537367
        },
        "Bearing3_3": {
            "RMSE": 5296.399642138949,
            "PCC": -0.8307333356353963
        }
    }
}