{
    "frequency": {
        "Bearing1_3": {
            "RMSE": 613931.2689845143,
            "PCC": -0.04995124423688622
        },
        "Bearing1_4": {
            "RMSE": 66833.1975298397,
            "PCC": 0.6455262203802451
        },
        "Bearing1_5": {
            "RMSE": 10424.938088209785,
            "PCC": 0.10058903325274388
        },
        "Bearing1_6": {
            "RMSE": 10014.90270691246,
            "PCC": 0.3256151923463509
        },
        "Bearing1_7": {
            "RMSE": 8556.740335935052,
            "PCC": -0.6675830446566682
        },
        "Bearing2_3": {
            "RMSE": 12899.174262515728,
            "PCC": 0.12053219536556428
        },
        "Bearing2_4": {
            "RMSE": 3662.853016701448,
            "PCC": 0.21528682674898367
        },
        "Bearing2_5": {
            "RMSE": 8414.678314669065,
            "PCC": 0.36282960580441626
        },
        "Bearing2_6": {
            "RMSE": 2763.1159215150615,
            "PCC": 0.22065616772552524
        },
        "Bearing2_7": {
            "RMSE": 7738.883651568578,
            "PCC": 0.7004682096963631
        },
        "Bearing3_3": {
            "RMSE": 5596.389622548524,
            "PCC": 0.8325152776760983
        }
    }
}