{
    "statistical": {
        "Bearing1_3": {
            "RMSE": 39592.8723691851,
            "PCC": 0.06566588320114658
        },
        "Bearing1_4": {
            "RMSE": 4814.211275724252,
            "PCC": 0.09583917152777659
        },
        "Bearing1_5": {
            "RMSE": 7028.0824443601405,
            "PCC": 0.4006045714299025
        },
        "Bearing1_6": {
            "RMSE": 6496.561496531471,
            "PCC": 0.3718399043113106
        },
        "Bearing1_7": {
            "RMSE": 6496.894254828046,
            "PCC": 0.5362274884979492
        },
        "Bearing2_3": {
            "RMSE": 5594.640790139502,
            "PCC": 0.0817830894686792
        },
        "Bearing2_4": {
            "RMSE": 6394.221267735739,
            "PCC": 0.03969726568263948
        },
        "Bearing2_5": {
            "RMSE": 6799.150356442099,
            "PCC": 0.5291806104965396
        },
        "Bearing2_6": {
            "RMSE": 1923.3713461063548,
            "PCC": -0.5047862799890739
        },
        "Bearing2_7": {
            "RMSE": 15200.805364253843,
            "PCC": 0.28693061255149277
        },
        "Bearing3_3": {
            "RMSE": 663.7604802662488,
            "PCC": -0.834557076345915
        }
    }
}