{
    "statistical": {
        "Bearing1_3": {
            "RMSE": 12543.495147382684,
            "PCC": 0.17848111541037903
        },
        "Bearing1_4": {
            "RMSE": 5095.687834947727,
            "PCC": 0.01197936781397401
        },
        "Bearing1_5": {
            "RMSE": 9543.739334442089,
            "PCC": 0.15551869485209865
        },
        "Bearing1_6": {
            "RMSE": 11221.83113941036,
            "PCC": -0.04211135250457135
        },
        "Bearing1_7": {
            "RMSE": 11379.4479932696,
            "PCC": 0.06811169954809852
        },
        "Bearing2_3": {
            "RMSE": 9675.058791542822,
            "PCC": 0.012651349144535131
        },
        "Bearing2_4": {
            "RMSE": 2829.847290058991,
            "PCC": -0.11015511574974803
        },
        "Bearing2_5": {
            "RMSE": 12111.366735567826,
            "PCC": 0.0974604158502408
        },
        "Bearing2_6": {
            "RMSE": 666.4288884099532,
            "PCC": -0.07290001742711308
        },
        "Bearing2_7": {
            "RMSE": 2374.2390613706702,
            "PCC": -0.00610406998967973
        }
    }
}