{
    "Autoencoder combined": {
        "Bearing1_3": {
            "RMSE": 8541.369379018586,
            "PCC": 0.746311482996889
        },
        "Bearing1_4": {
            "RMSE": 4045.5317620257465,
            "PCC": 0.628826620466827
        },
        "Bearing1_5": {
            "RMSE": 9107.88975853232,
            "PCC": -0.001495562902717064
        },
        "Bearing1_6": {
            "RMSE": 9015.524081161147,
            "PCC": 0.03974613044683042
        },
        "Bearing1_7": {
            "RMSE": 8000.542694397257,
            "PCC": 0.42588259624942926
        },
        "Bearing2_3": {
            "RMSE": 6476.362892736635,
            "PCC": -0.15843598653083682
        },
        "Bearing2_4": {
            "RMSE": 3650.027301315117,
            "PCC": 0.16393423435078572
        },
        "Bearing2_5": {
            "RMSE": 8289.83902426573,
            "PCC": -0.22158095914611867
        },
        "Bearing2_6": {
            "RMSE": 3738.515748083175,
            "PCC": 0.24725480909924558
        },
        "Bearing2_7": {
            "RMSE": 5522.417743706092,
            "PCC": 0.19440240674206832
        },
        "Bearing3_3": {
            "RMSE": 4461.7878210510635,
            "PCC": 0.7395080225581687
        }
    }
}