{
    "FrequencyAutoencoder": {
        "Bearing1_3": {
            "RMSE": 861894.2015349508,
            "PCC": -0.0705327062748793
        },
        "Bearing1_4": {
            "RMSE": 835100.1001831952,
            "PCC": -0.03524075624600738
        },
        "Bearing1_5": {
            "RMSE": 82479.67672092663,
            "PCC": 0.06100754294878198
        },
        "Bearing1_6": {
            "RMSE": 51742.6051173989,
            "PCC": 0.05145960988929689
        },
        "Bearing1_7": {
            "RMSE": 246980.3320593098,
            "PCC": 0.052163650146973856
        },
        "Bearing2_3": {
            "RMSE": 137133.0193077427,
            "PCC": 0.01848690032609308
        },
        "Bearing2_4": {
            "RMSE": 44270.438460514146,
            "PCC": 0.1639645320729043
        },
        "Bearing2_5": {
            "RMSE": 66156.2093136398,
            "PCC": 0.02622431117536467
        },
        "Bearing2_6": {
            "RMSE": 220091.11009336042,
            "PCC": 0.09334447440629744
        },
        "Bearing2_7": {
            "RMSE": 180860.14438261418,
            "PCC": 0.13059279594222806
        }
    }
}