{
    "FrequencyStatisticalAutoencoder": {
        "Bearing1_3": {
            "RMSE": 23206.969597844254,
            "PCC": 0.30636460392432313
        },
        "Bearing1_4": {
            "RMSE": 11747.817018334554,
            "PCC": -0.4490507828547369
        },
        "Bearing1_5": {
            "RMSE": 7625.724894643733,
            "PCC": 0.3786675734541443
        },
        "Bearing1_6": {
            "RMSE": 5591.632053839985,
            "PCC": 0.6469779798236919
        },
        "Bearing1_7": {
            "RMSE": 6779.999049347943,
            "PCC": 0.17820976359382773
        },
        "Bearing2_3": {
            "RMSE": 16629.015978768082,
            "PCC": -0.09450926019325721
        },
        "Bearing2_4": {
            "RMSE": 7899.1583259272875,
            "PCC": 0.23472267008077044
        },
        "Bearing2_5": {
            "RMSE": 7131.8794422023875,
            "PCC": 0.2432364687303748
        },
        "Bearing2_6": {
            "RMSE": 5866.318040067318,
            "PCC": 0.39783130795018995
        },
        "Bearing2_7": {
            "RMSE": 11877.517831971476,
            "PCC": 0.768324782756693
        },
        "Bearing3_3": {
            "RMSE": 5964.634718402147,
            "PCC": 0.7464039157290165
        }
    }
}