{
    "frequency_entropy": {
        "Bearing1_3": {
            "RMSE": 11187.337367564274,
            "PCC": -0.10924555863416971
        },
        "Bearing1_4": {
            "RMSE": 4284.047950716974,
            "PCC": 0.031125771351794302
        },
        "Bearing1_5": {
            "RMSE": 4814.1802584329935,
            "PCC": 0.009233648804835563
        },
        "Bearing1_6": {
            "RMSE": 6066.078006141979,
            "PCC": 0.011778523684642045
        },
        "Bearing1_7": {
            "RMSE": 6078.066708291837,
            "PCC": 0.016461655817362163
        },
        "Bearing2_3": {
            "RMSE": 28453.054526469456,
            "PCC": -0.004243642533238504
        },
        "Bearing2_4": {
            "RMSE": 5540.8254099718815,
            "PCC": -0.029940210855261735
        },
        "Bearing2_5": {
            "RMSE": 6780.944835010422,
            "PCC": -0.031685013493476466
        },
        "Bearing2_6": {
            "RMSE": 7230.109915903271,
            "PCC": -0.08884167596926291
        },
        "Bearing2_7": {
            "RMSE": 6699.333426874359,
            "PCC": 0.015563080452581306
        }
    }
}