{
    "PCA learned": {
        "Bearing1_3": {
            "RMSE": 17112.483276563602,
            "PCC": 0.7818540186587283
        },
        "Bearing1_4": {
            "RMSE": 7978.9735973778215,
            "PCC": 0.7289847140434533
        },
        "Bearing1_5": {
            "RMSE": 18149.25079053984,
            "PCC": 0.09524526033039057
        },
        "Bearing1_6": {
            "RMSE": 18018.719950151342,
            "PCC": 0.1199173760887611
        },
        "Bearing1_7": {
            "RMSE": 15979.466158032836,
            "PCC": 0.5907803502682164
        },
        "Bearing2_3": {
            "RMSE": 12912.650349691874,
            "PCC": -0.16436424022763543
        },
        "Bearing2_4": {
            "RMSE": 7271.559507066913,
            "PCC": 0.18511361190775383
        },
        "Bearing2_5": {
            "RMSE": 16602.58721642238,
            "PCC": -0.4566411018381075
        },
        "Bearing2_6": {
            "RMSE": 7526.600729595763,
            "PCC": 0.21184080818116968
        },
        "Bearing2_7": {
            "RMSE": 11087.979709675381,
            "PCC": 0.33486345383753485
        },
        "Bearing3_3": {
            "RMSE": 9180.011943202637,
            "PCC": 0.7251783317351803
        }
    }
}