{
    "CNNEmbedding": {
        "Bearing1_3": {
            "RMSE": 4800.744048863423,
            "PCC": 0.9325214145133136
        },
        "Bearing1_4": {
            "RMSE": 12571.805241019372,
            "PCC": 0.08624873661042587
        },
        "Bearing1_5": {
            "RMSE": 10658.085581843845,
            "PCC": 0.7198221523423133
        },
        "Bearing1_6": {
            "RMSE": 11770.1608911201,
            "PCC": 0.7210914678303003
        },
        "Bearing1_7": {
            "RMSE": 8567.681723190386,
            "PCC": 0.8041785030640608
        },
        "Bearing2_3": {
            "RMSE": 4938.151415627312,
            "PCC": 0.5513358437686011
        },
        "Bearing2_4": {
            "RMSE": 3659.154997520665,
            "PCC": 0.6540202148768269
        },
        "Bearing2_5": {
            "RMSE": 9060.609302958994,
            "PCC": 0.6800259450380504
        },
        "Bearing2_6": {
            "RMSE": 1815.4756135439904,
            "PCC": 0.5849566104129778
        },
        "Bearing2_7": {
            "RMSE": 6212.757252680945,
            "PCC": 0.7394584247798609
        },
        "Bearing3_3": {
            "RMSE": 2650.2557619489785,
            "PCC": 0.4821339333983042
        }
    }
}