{
    "frequency": {
        "Bearing1_3": {
            "RMSE": 7983.666951068915,
            "PCC": 0.7108017130504196
        },
        "Bearing1_4": {
            "RMSE": 2609.90452003958,
            "PCC": 0.82274871458479
        },
        "Bearing1_5": {
            "RMSE": 5263.519899603198,
            "PCC": 0.20024097636338892
        },
        "Bearing1_6": {
            "RMSE": 6902.276785960096,
            "PCC": 0.018788216468780636
        },
        "Bearing1_7": {
            "RMSE": 6896.53473313957,
            "PCC": 0.6587197058213538
        },
        "Bearing2_3": {
            "RMSE": 5495.53631173151,
            "PCC": -0.2272554871757255
        },
        "Bearing2_4": {
            "RMSE": 3925.5971360689255,
            "PCC": -0.08766195455713474
        },
        "Bearing2_5": {
            "RMSE": 7710.444321328921,
            "PCC": -0.34310385823718037
        },
        "Bearing2_6": {
            "RMSE": 5453.073897619478,
            "PCC": 0.5155152969334941
        },
        "Bearing2_7": {
            "RMSE": 4828.322690686482,
            "PCC": -0.31191579301463246
        },
        "Bearing3_3": {
            "RMSE": 5301.400625996642,
            "PCC": 0.34603125936597107
        }
    }
}