{
    "FrequencyStatisticalPCA": {
        "Bearing1_3": {
            "RMSE": 24896.81075888506,
            "PCC": 0.19002300772126773
        },
        "Bearing1_4": {
            "RMSE": 7943.774856371255,
            "PCC": 0.2347042359403489
        },
        "Bearing1_5": {
            "RMSE": 8504.397911225693,
            "PCC": 0.5679606372374485
        },
        "Bearing1_6": {
            "RMSE": 6231.087075643704,
            "PCC": 0.5869962012610584
        },
        "Bearing1_7": {
            "RMSE": 8446.981674191758,
            "PCC": 0.3734478384582731
        },
        "Bearing2_3": {
            "RMSE": 14786.187231038839,
            "PCC": -0.043817597229893035
        },
        "Bearing2_4": {
            "RMSE": 6209.12906175253,
            "PCC": 0.57802828601907
        },
        "Bearing2_5": {
            "RMSE": 6290.9252974399715,
            "PCC": 0.5287835674944024
        },
        "Bearing2_6": {
            "RMSE": 4564.325290437314,
            "PCC": 0.7362659880068076
        },
        "Bearing2_7": {
            "RMSE": 17361.533241032474,
            "PCC": 0.6780797665939666
        },
        "Bearing3_3": {
            "RMSE": 3268.119309657652,
            "PCC": 0.4640407945807286
        }
    }
}