{
    "FrequencyStatisticalAutoencoder": {
        "Bearing1_3": {
            "RMSE": 22717.57483773862,
            "PCC": 0.11811969022528576
        },
        "Bearing1_4": {
            "RMSE": 3287.1433426473454,
            "PCC": -0.20069329161999414
        },
        "Bearing1_5": {
            "RMSE": 6603.673763255818,
            "PCC": -0.19220548229541737
        },
        "Bearing1_6": {
            "RMSE": 6909.302868457903,
            "PCC": 0.034334312073537425
        },
        "Bearing1_7": {
            "RMSE": 7614.392963784002,
            "PCC": 0.18169471976578705
        },
        "Bearing2_3": {
            "RMSE": 15413.672573824186,
            "PCC": -0.04067652666851741
        },
        "Bearing2_4": {
            "RMSE": 7155.417454579379,
            "PCC": 0.5816612264241163
        },
        "Bearing2_5": {
            "RMSE": 5649.469648012484,
            "PCC": 0.6019136063946393
        },
        "Bearing2_6": {
            "RMSE": 2900.540236270887,
            "PCC": 0.35224896705763115
        },
        "Bearing2_7": {
            "RMSE": 8813.456136114783,
            "PCC": 0.1395034834123212
        },
        "Bearing3_3": {
            "RMSE": 691.194883707389,
            "PCC": -0.9194131171925952
        }
    }
}