{
    "CNNEmbedding": {
        "Bearing1_3": {
            "RMSE": 13716.398944320548,
            "PCC": 0.005857578875078767
        },
        "Bearing1_4": {
            "RMSE": 8248.891844767191,
            "PCC": -0.009940272711091793
        },
        "Bearing1_5": {
            "RMSE": 14224.467168656536,
            "PCC": -0.11247376465470077
        },
        "Bearing1_6": {
            "RMSE": 14137.864229931502,
            "PCC": -0.01115349986967729
        },
        "Bearing1_7": {
            "RMSE": 13046.672610705455,
            "PCC": 0.07422452487251165
        },
        "Bearing2_3": {
            "RMSE": 11291.526844651444,
            "PCC": -0.07817083926857461
        },
        "Bearing2_4": {
            "RMSE": 4340.229055440309,
            "PCC": 0.07946847852344967
        },
        "Bearing2_5": {
            "RMSE": 13346.89476983312,
            "PCC": -0.06940968329996904
        },
        "Bearing2_6": {
            "RMSE": 4051.555256788656,
            "PCC": -0.1977566094639229
        },
        "Bearing2_7": {
            "RMSE": 1332.2344592743773,
            "PCC": -0.15716397338936222
        }
    }
}