{
    "FrequencyStatisticalAutoencoder": {
        "Bearing1_3": {
            "RMSE": 9295.938567986437,
            "PCC": 0.4194248498040379
        },
        "Bearing1_4": {
            "RMSE": 4940.630131133146,
            "PCC": 0.2347799772031598
        },
        "Bearing1_5": {
            "RMSE": 9226.606128077816,
            "PCC": 0.6352491009214848
        },
        "Bearing1_6": {
            "RMSE": 6075.903715196184,
            "PCC": 0.5664522370518574
        },
        "Bearing1_7": {
            "RMSE": 7231.345886543088,
            "PCC": 0.12178540998144474
        },
        "Bearing2_3": {
            "RMSE": 7728.260726475603,
            "PCC": 0.24910141215268444
        },
        "Bearing2_4": {
            "RMSE": 6090.666800180221,
            "PCC": 0.43504176370976955
        },
        "Bearing2_5": {
            "RMSE": 5549.86407651042,
            "PCC": 0.6252013181703763
        },
        "Bearing2_6": {
            "RMSE": 2587.117653939613,
            "PCC": 0.6532136968319392
        },
        "Bearing2_7": {
            "RMSE": 13298.017580072476,
            "PCC": 0.6883584429042495
        },
        "Bearing3_3": {
            "RMSE": 3682.993574898064,
            "PCC": 0.5219962608475661
        }
    }
}