{
    "PCA combined": {
        "Bearing1_3": {
            "RMSE": 12723.356475395947,
            "PCC": 0.019636584676818995
        },
        "Bearing1_4": {
            "RMSE": 5096.559296885171,
            "PCC": -0.002183324594702076
        },
        "Bearing1_5": {
            "RMSE": 9571.023978655576,
            "PCC": 0.042177534038855435
        },
        "Bearing1_6": {
            "RMSE": 11418.544857671955,
            "PCC": 0.025989758578052462
        },
        "Bearing1_7": {
            "RMSE": 11424.31836007198,
            "PCC": 0.0279062135371093
        },
        "Bearing2_3": {
            "RMSE": 9801.964088895116,
            "PCC": 0.01717406982523881
        },
        "Bearing2_4": {
            "RMSE": 2908.401621447596,
            "PCC": -0.02551230685951289
        },
        "Bearing2_5": {
            "RMSE": 12296.117273315991,
            "PCC": 0.019227744769521306
        },
        "Bearing2_6": {
            "RMSE": 668.2813778641449,
            "PCC": -0.031034836534778284
        },
        "Bearing2_7": {
            "RMSE": 1332.2349642611846,
            "PCC": -0.04030920223675029
        }
    }
}