{
    "frequency": {
        "Bearing1_3": {
            "RMSE": 3648.910710188158,
            "PCC": 0.8546317518589095
        },
        "Bearing1_4": {
            "RMSE": 4026.2924395812,
            "PCC": 0.6932835516433207
        },
        "Bearing1_5": {
            "RMSE": 5303.630320879724,
            "PCC": 0.056890655670635434
        },
        "Bearing1_6": {
            "RMSE": 6821.088517236781,
            "PCC": 0.05775102894044814
        },
        "Bearing1_7": {
            "RMSE": 6923.887532627702,
            "PCC": -0.027373844345000228
        },
        "Bearing2_3": {
            "RMSE": 8284.16937736558,
            "PCC": 0.06321965087737987
        },
        "Bearing2_4": {
            "RMSE": 7918.672433123914,
            "PCC": 0.10547006616061211
        },
        "Bearing2_5": {
            "RMSE": 5964.093358956972,
            "PCC": 0.36587191822086407
        },
        "Bearing2_6": {
            "RMSE": 6302.8763443859725,
            "PCC": 0.5389053841474472
        },
        "Bearing2_7": {
            "RMSE": 8138.56704105595,
            "PCC": 0.6894617646553395
        },
        "Bearing3_3": {
            "RMSE": 481.13180413753855,
            "PCC": 0.7159511213460431
        }
    }
}