{
    "FrequencyPCA": {
        "Bearing1_3": {
            "RMSE": 17007.77753695832,
            "PCC": 0.7537129788252859
        },
        "Bearing1_4": {
            "RMSE": 6312.786548506889,
            "PCC": 0.7418562795398677
        },
        "Bearing1_5": {
            "RMSE": 14696.437302395705,
            "PCC": 0.10182658545016124
        },
        "Bearing1_6": {
            "RMSE": 16322.412227084846,
            "PCC": 0.1274658694404741
        },
        "Bearing1_7": {
            "RMSE": 15313.09751558824,
            "PCC": 0.7888069284559293
        },
        "Bearing2_3": {
            "RMSE": 12347.7139871388,
            "PCC": -0.2506364767159851
        },
        "Bearing2_4": {
            "RMSE": 6763.726269137666,
            "PCC": 0.057193078691545864
        },
        "Bearing2_5": {
            "RMSE": 16544.363216778653,
            "PCC": -0.501425202606255
        },
        "Bearing2_6": {
            "RMSE": 8196.09341952847,
            "PCC": 0.29199235862632056
        },
        "Bearing2_7": {
            "RMSE": 9717.440176544957,
            "PCC": 0.20277160446752734
        },
        "Bearing3_3": {
            "RMSE": 9232.252729260688,
            "PCC": 0.9301577839840234
        }
    }
}