{
    "PCA learned": {
        "Bearing1_3": {
            "RMSE": 16305.166117780484,
            "PCC": -0.014097153523381058
        },
        "Bearing1_4": {
            "RMSE": 12795.803347519404,
            "PCC": 0.27712898458176116
        },
        "Bearing1_5": {
            "RMSE": 12514.331396351878,
            "PCC": 0.0028720896818212162
        },
        "Bearing1_6": {
            "RMSE": 13803.66842738398,
            "PCC": 0.049378716143373455
        },
        "Bearing1_7": {
            "RMSE": 12766.32841541409,
            "PCC": 0.3318343377422978
        },
        "Bearing2_3": {
            "RMSE": 11610.059150944582,
            "PCC": -0.08821492361212202
        },
        "Bearing2_4": {
            "RMSE": 13326.872277671488,
            "PCC": 0.0066849606719241676
        },
        "Bearing2_5": {
            "RMSE": 14848.872713429057,
            "PCC": -0.20598198656864766
        },
        "Bearing2_6": {
            "RMSE": 15134.168775286196,
            "PCC": 0.14034186406378302
        },
        "Bearing2_7": {
            "RMSE": 16279.11481344402,
            "PCC": 0.1436960589921094
        },
        "Bearing3_3": {
            "RMSE": 13978.988583545322,
            "PCC": 0.6164859168837068
        }
    }
}