{
    "frequency": {
        "Bearing1_3": {
            "RMSE": 13680.567996342286,
            "PCC": 0.09004372970747868
        },
        "Bearing1_4": {
            "RMSE": 8225.379783982735,
            "PCC": -0.01864599828379232
        },
        "Bearing1_5": {
            "RMSE": 14185.78285437264,
            "PCC": 0.08112436129223004
        },
        "Bearing1_6": {
            "RMSE": 14119.800592724687,
            "PCC": -0.007583354784481411
        },
        "Bearing1_7": {
            "RMSE": 12995.454610913524,
            "PCC": 0.0038267200832512666
        },
        "Bearing2_3": {
            "RMSE": 11282.346081160662,
            "PCC": 0.017249545402307442
        },
        "Bearing2_4": {
            "RMSE": 4314.4958992481,
            "PCC": -0.007307795175445353
        },
        "Bearing2_5": {
            "RMSE": 13315.705764595938,
            "PCC": -0.015623510128673426
        },
        "Bearing2_6": {
            "RMSE": 4032.568067306548,
            "PCC": 0.09256742563764388
        },
        "Bearing2_7": {
            "RMSE": 1343.8847289729545,
            "PCC": 0.05801576448488741
        }
    }
}