{
    "FrequencyStatisticalPCA": {
        "Bearing1_3": {
            "RMSE": 8564.193329172385,
            "PCC": 0.7645129088579061
        },
        "Bearing1_4": {
            "RMSE": 4034.819421691841,
            "PCC": 0.6705346918032682
        },
        "Bearing1_5": {
            "RMSE": 9083.983417098592,
            "PCC": 0.60540303835885
        },
        "Bearing1_6": {
            "RMSE": 8990.15545577172,
            "PCC": 0.3260991654034219
        },
        "Bearing1_7": {
            "RMSE": 7989.575061611111,
            "PCC": 0.2060791429678128
        },
        "Bearing2_3": {
            "RMSE": 6472.328962833419,
            "PCC": 0.1925440752687479
        },
        "Bearing2_4": {
            "RMSE": 3576.7846477973812,
            "PCC": 0.24433103768294318
        },
        "Bearing2_5": {
            "RMSE": 8293.343202206453,
            "PCC": 0.021859167095902878
        },
        "Bearing2_6": {
            "RMSE": 3643.341791877143,
            "PCC": 0.33699187739622516
        },
        "Bearing2_7": {
            "RMSE": 5532.54786190784,
            "PCC": 0.5745558794509246
        },
        "Bearing3_3": {
            "RMSE": 4458.752504894188,
            "PCC": 0.6207982484293335
        }
    }
}