{
    "FrequencyStatisticalAutoencoder": {
        "Bearing1_3": {
            "RMSE": 11367.846797650818,
            "PCC": 0.4280239133370123
        },
        "Bearing1_4": {
            "RMSE": 7962.960299639065,
            "PCC": -0.1223406248945928
        },
        "Bearing1_5": {
            "RMSE": 13098.812147746337,
            "PCC": 0.5291299928551563
        },
        "Bearing1_6": {
            "RMSE": 11585.741421169596,
            "PCC": 0.13779190884676593
        },
        "Bearing1_7": {
            "RMSE": 11270.291049824444,
            "PCC": 0.0883718286370927
        },
        "Bearing2_3": {
            "RMSE": 10397.996088510816,
            "PCC": -0.034570559666456724
        },
        "Bearing2_4": {
            "RMSE": 4200.310499021716,
            "PCC": -0.275185758696474
        },
        "Bearing2_5": {
            "RMSE": 11903.478452010548,
            "PCC": 0.21486588103519474
        },
        "Bearing2_6": {
            "RMSE": 4039.2928175475427,
            "PCC": 0.370535559855134
        },
        "Bearing2_7": {
            "RMSE": 5334.729689502041,
            "PCC": -0.016299964439168806
        }
    }
}