{
    "Autoencoder combined": {
        "Bearing1_3": {
            "RMSE": 82147.95110106522,
            "PCC": 0.017626230403871852
        },
        "Bearing1_4": {
            "RMSE": 69380.79903660266,
            "PCC": -0.5776146993452742
        },
        "Bearing1_5": {
            "RMSE": 6288.425496112705,
            "PCC": 0.4847379144077973
        },
        "Bearing1_6": {
            "RMSE": 7107.063123599971,
            "PCC": 0.5041530346790934
        },
        "Bearing1_7": {
            "RMSE": 6187.7897975904325,
            "PCC": 0.34819199845000437
        },
        "Bearing2_3": {
            "RMSE": 17299.622224875377,
            "PCC": -0.041029201318843765
        },
        "Bearing2_4": {
            "RMSE": 7366.511737273874,
            "PCC": 0.3812184233159979
        },
        "Bearing2_5": {
            "RMSE": 6954.266675423684,
            "PCC": 0.09977832491430316
        },
        "Bearing2_6": {
            "RMSE": 7122.622704180161,
            "PCC": 0.5661330624394573
        },
        "Bearing2_7": {
            "RMSE": 12789.861377522158,
            "PCC": 0.529243879271907
        },
        "Bearing3_3": {
            "RMSE": 8374.31363037404,
            "PCC": 0.5137419110079661
        }
    }
}