{
    "frequency": {
        "Bearing1_3": {
            "RMSE": 4081.458647443319,
            "PCC": 0.8460435522545879
        },
        "Bearing1_4": {
            "RMSE": 4615.466818650041,
            "PCC": 0.6328634930051125
        },
        "Bearing1_5": {
            "RMSE": 7265.290432241942,
            "PCC": 0.5274590967913504
        },
        "Bearing1_6": {
            "RMSE": 6907.564480332217,
            "PCC": 0.288448459533695
        },
        "Bearing1_7": {
            "RMSE": 6897.375788108427,
            "PCC": 0.05799965654008652
        },
        "Bearing2_3": {
            "RMSE": 6884.484856483968,
            "PCC": -0.010687463346333314
        },
        "Bearing2_4": {
            "RMSE": 5878.3380101473485,
            "PCC": 0.33487471300597127
        },
        "Bearing2_5": {
            "RMSE": 7046.208333302199,
            "PCC": 0.2157853647236504
        },
        "Bearing2_6": {
            "RMSE": 4330.960890794575,
            "PCC": 0.6607523528459516
        },
        "Bearing2_7": {
            "RMSE": 8864.686336163857,
            "PCC": 0.4859617158142291
        },
        "Bearing3_3": {
            "RMSE": 4937.1661401741985,
            "PCC": 0.4680746790733186
        }
    }
}