{
    "FrequencyStatisticalAutoencoder": {
        "Bearing1_3": {
            "RMSE": 8080.609114392436,
            "PCC": 0.7686899779559264
        },
        "Bearing1_4": {
            "RMSE": 2798.6282973347274,
            "PCC": 0.807926090665951
        },
        "Bearing1_5": {
            "RMSE": 5315.5836761778955,
            "PCC": 0.3569137631077962
        },
        "Bearing1_6": {
            "RMSE": 6910.057627767407,
            "PCC": 0.2756361952573901
        },
        "Bearing1_7": {
            "RMSE": 6916.068261095875,
            "PCC": 0.20253606456808265
        },
        "Bearing2_3": {
            "RMSE": 5529.356311789895,
            "PCC": 0.02982186490385759
        },
        "Bearing2_4": {
            "RMSE": 3721.8663841137054,
            "PCC": 0.308265070419957
        },
        "Bearing2_5": {
            "RMSE": 7720.32964752305,
            "PCC": 0.27010181224984475
        },
        "Bearing2_6": {
            "RMSE": 5296.840635576826,
            "PCC": 0.5229915476227501
        },
        "Bearing2_7": {
            "RMSE": 4859.759379620789,
            "PCC": 0.5306512333265048
        },
        "Bearing3_3": {
            "RMSE": 5337.330328647967,
            "PCC": -0.7605438807541185
        }
    }
}