{
    "entropy": {
        "Bearing1_3": {
            "RMSE": 8176.489418110933,
            "PCC": 0.33164170725413566
        },
        "Bearing1_4": {
            "RMSE": 4439.754937144223,
            "PCC": 0.33048524745230984
        },
        "Bearing1_5": {
            "RMSE": 8056.35821561342,
            "PCC": 0.6229945640396537
        },
        "Bearing1_6": {
            "RMSE": 7456.785495483426,
            "PCC": 0.23606641845336432
        },
        "Bearing1_7": {
            "RMSE": 6766.450063573592,
            "PCC": 0.04056751453450313
        },
        "Bearing2_3": {
            "RMSE": 8505881.134475756,
            "PCC": 0.09449190941761948
        },
        "Bearing2_4": {
            "RMSE": 7409.729823046754,
            "PCC": -0.5782126037011024
        },
        "Bearing2_5": {
            "RMSE": 8906.689291193996,
            "PCC": 0.05457162808837134
        },
        "Bearing2_6": {
            "RMSE": 6676.553777653942,
            "PCC": 0.20846708349573861
        },
        "Bearing2_7": {
            "RMSE": 22559.840868405583,
            "PCC": -0.21415593418570605
        }
    }
}