{
    "FrequencyPCA": {
        "Bearing1_3": {
            "RMSE": 39223.20931045031,
            "PCC": 0.3567553360682487
        },
        "Bearing1_4": {
            "RMSE": 24936.162219514634,
            "PCC": 0.29086505782386035
        },
        "Bearing1_5": {
            "RMSE": 19545.80623332629,
            "PCC": 0.09513646023934141
        },
        "Bearing1_6": {
            "RMSE": 17076.892866512768,
            "PCC": 0.1356939572818214
        },
        "Bearing1_7": {
            "RMSE": 16269.73875262308,
            "PCC": 0.49991144158702866
        },
        "Bearing2_3": {
            "RMSE": 20769.36436614303,
            "PCC": 0.027349409904723086
        },
        "Bearing2_4": {
            "RMSE": 15433.610474178526,
            "PCC": 0.22119295888016832
        },
        "Bearing2_5": {
            "RMSE": 28198.227507499938,
            "PCC": -0.13485890897550093
        },
        "Bearing2_6": {
            "RMSE": 13593.07765609499,
            "PCC": 0.05554513340443529
        },
        "Bearing2_7": {
            "RMSE": 24204.149122338844,
            "PCC": 0.286382280497137
        }
    }
}