{
    "PCA learned": {
        "Bearing1_3": {
            "RMSE": 15564.45154383738,
            "PCC": 0.087019519807948
        },
        "Bearing1_4": {
            "RMSE": 11752.862254344034,
            "PCC": 0.25870448687239744
        },
        "Bearing1_5": {
            "RMSE": 15065.081292551202,
            "PCC": -0.012937312559852733
        },
        "Bearing1_6": {
            "RMSE": 15112.429387660006,
            "PCC": 0.007152080895118407
        },
        "Bearing1_7": {
            "RMSE": 12732.695562381277,
            "PCC": 0.3862078116789085
        },
        "Bearing2_3": {
            "RMSE": 12308.833036999044,
            "PCC": -0.05509699506528501
        },
        "Bearing2_4": {
            "RMSE": 14696.086829072017,
            "PCC": 0.06532218920525965
        },
        "Bearing2_5": {
            "RMSE": 14910.068344830046,
            "PCC": -0.20545017839841792
        },
        "Bearing2_6": {
            "RMSE": 14862.332337173186,
            "PCC": 0.07179587314907766
        },
        "Bearing2_7": {
            "RMSE": 19100.223458381686,
            "PCC": 0.06340146834757285
        },
        "Bearing3_3": {
            "RMSE": 15761.390445066336,
            "PCC": 0.494906751682435
        }
    }
}