{
    "Autoencoder combined": {
        "Bearing1_3": {
            "RMSE": 12723.356475391545,
            "PCC": 0.011305648790468532
        },
        "Bearing1_4": {
            "RMSE": 5096.559296885171,
            "PCC": -0.004697455946177212
        },
        "Bearing1_5": {
            "RMSE": 9571.023978655576,
            "PCC": 0.042177534047808045
        },
        "Bearing1_6": {
            "RMSE": 11418.544857542176,
            "PCC": 0.02275490718384241
        },
        "Bearing1_7": {
            "RMSE": 11424.302842160383,
            "PCC": 0.02790621341376377
        },
        "Bearing2_3": {
            "RMSE": 9801.964029902785,
            "PCC": 0.017984328456466667
        },
        "Bearing2_4": {
            "RMSE": 2908.4016153198017,
            "PCC": -0.02551016032787253
        },
        "Bearing2_5": {
            "RMSE": 12296.117167676895,
            "PCC": 0.01922558585589369
        },
        "Bearing2_6": {
            "RMSE": 668.2813778641449,
            "PCC": -0.03103483653477827
        },
        "Bearing2_7": {
            "RMSE": 1332.2349642611846,
            "PCC": -0.04030920148262823
        }
    }
}