{
    "Autoencoder combined": {
        "Bearing1_3": {
            "RMSE": 10568.410270135353,
            "PCC": 0.4147511910714942
        },
        "Bearing1_4": {
            "RMSE": 5354.746760872986,
            "PCC": 0.22325259892339136
        },
        "Bearing1_5": {
            "RMSE": 10121.129499072978,
            "PCC": 0.3910489793397782
        },
        "Bearing1_6": {
            "RMSE": 8352.107923096399,
            "PCC": 0.11528481252275816
        },
        "Bearing1_7": {
            "RMSE": 6212.435710338488,
            "PCC": 0.5040395740747502
        },
        "Bearing2_3": {
            "RMSE": 6253.699079709149,
            "PCC": 0.16062297088288147
        },
        "Bearing2_4": {
            "RMSE": 5164.804155271896,
            "PCC": 0.4047282195937298
        },
        "Bearing2_5": {
            "RMSE": 6728.1322012952,
            "PCC": 0.4264565198571444
        },
        "Bearing2_6": {
            "RMSE": 3692.190151164704,
            "PCC": 0.7130463964070651
        },
        "Bearing2_7": {
            "RMSE": 13557.592480645459,
            "PCC": 0.35814399241600614
        },
        "Bearing3_3": {
            "RMSE": 2699.490760632484,
            "PCC": 0.597821990559209
        }
    }
}