{
    "FrequencyStatisticalAutoencoder": {
        "Bearing1_3": {
            "RMSE": 10658.7597167287,
            "PCC": 0.4568893829062697
        },
        "Bearing1_4": {
            "RMSE": 4885.4928295932,
            "PCC": 0.13254364580587372
        },
        "Bearing1_5": {
            "RMSE": 9475.077245844215,
            "PCC": 0.26909060359390885
        },
        "Bearing1_6": {
            "RMSE": 10052.630629438207,
            "PCC": -0.011053325584575531
        },
        "Bearing1_7": {
            "RMSE": 10916.304379701218,
            "PCC": 0.16325039469459948
        },
        "Bearing2_3": {
            "RMSE": 8883.422070700077,
            "PCC": 0.03427833580546162
        },
        "Bearing2_4": {
            "RMSE": 3787.2592160040344,
            "PCC": -0.1090506471033187
        },
        "Bearing2_5": {
            "RMSE": 10667.119935651985,
            "PCC": 0.2811489465171088
        },
        "Bearing2_6": {
            "RMSE": 659.9153052481054,
            "PCC": -0.08992331430356236
        },
        "Bearing2_7": {
            "RMSE": 5388.8263049507805,
            "PCC": 0.0030428375092983887
        }
    }
}