{
    "Autoencoder learned": {
        "Bearing1_3": {
            "RMSE": 14889.316740785214,
            "PCC": 0.002510347366826915
        },
        "Bearing1_4": {
            "RMSE": 9844.613710462443,
            "PCC": 0.027271493891713208
        },
        "Bearing1_5": {
            "RMSE": 12638.543216715156,
            "PCC": -0.0007597851839519146
        },
        "Bearing1_6": {
            "RMSE": 14017.84129138679,
            "PCC": 0.013991193105673453
        },
        "Bearing1_7": {
            "RMSE": 13173.45188179411,
            "PCC": -0.015989598414536368
        },
        "Bearing2_3": {
            "RMSE": 10747.86579441336,
            "PCC": 0.023150840747849934
        },
        "Bearing2_4": {
            "RMSE": 10734.468264810776,
            "PCC": -0.020624763909187663
        },
        "Bearing2_5": {
            "RMSE": 14098.066906015396,
            "PCC": -0.0013614872556359636
        },
        "Bearing2_6": {
            "RMSE": 12502.265190050679,
            "PCC": 0.04953055342274316
        },
        "Bearing2_7": {
            "RMSE": 14157.129115135198,
            "PCC": 0.07397723236238882
        },
        "Bearing3_3": {
            "RMSE": 14193.091380793918,
            "PCC": 0.07653190721739031
        }
    }
}