{
    "Autoencoder learned": {
        "Bearing1_3": {
            "RMSE": 27274.086655275525,
            "PCC": 0.07460534685399836
        },
        "Bearing1_4": {
            "RMSE": 16492.631943167024,
            "PCC": -0.03197477027583481
        },
        "Bearing1_5": {
            "RMSE": 28411.313262911714,
            "PCC": -0.21459522545053678
        },
        "Bearing1_6": {
            "RMSE": 28260.908049294747,
            "PCC": -0.09495334119976358
        },
        "Bearing1_7": {
            "RMSE": 26074.596819800532,
            "PCC": 0.09427532973988198
        },
        "Bearing2_3": {
            "RMSE": 21992.97184048148,
            "PCC": -0.10160292613466233
        },
        "Bearing2_4": {
            "RMSE": 8201.871476377226,
            "PCC": -0.12786193290772396
        },
        "Bearing2_5": {
            "RMSE": 26569.144964411735,
            "PCC": 0.006567930842503028
        },
        "Bearing2_6": {
            "RMSE": 7702.508707072202,
            "PCC": -0.23384322006779415
        },
        "Bearing2_7": {
            "RMSE": 2620.883599889936,
            "PCC": -0.05380843696150713
        }
    }
}