{
    "frequency_entropy": {
        "Bearing1_3": {
            "RMSE": 8708.780954015672,
            "PCC": 0.2456521449079589
        },
        "Bearing1_4": {
            "RMSE": 4170.918023427723,
            "PCC": -0.04663084818754156
        },
        "Bearing1_5": {
            "RMSE": 9182.05465675736,
            "PCC": -0.025418304922044395
        },
        "Bearing1_6": {
            "RMSE": 9101.117445684242,
            "PCC": 0.005508831669767502
        },
        "Bearing1_7": {
            "RMSE": 8091.385532998085,
            "PCC": 0.020007437061493608
        },
        "Bearing2_3": {
            "RMSE": 6522.569342270959,
            "PCC": -0.12696756884383248
        },
        "Bearing2_4": {
            "RMSE": 3501.7228053199965,
            "PCC": -0.0017109244059247868
        },
        "Bearing2_5": {
            "RMSE": 8367.156499914974,
            "PCC": 0.02981594316053753
        },
        "Bearing2_6": {
            "RMSE": 3618.639669626151,
            "PCC": -0.013555490468641894
        },
        "Bearing2_7": {
            "RMSE": 5395.923123073004,
            "PCC": -0.036002651921823295
        },
        "Bearing3_3": {
            "RMSE": 4512.332163853345,
            "PCC": 0.018367599849722045
        }
    }
}