{
    "PCA learned": {
        "Bearing1_3": {
            "RMSE": 15204.52038543662,
            "PCC": 0.008040477622895949
        },
        "Bearing1_4": {
            "RMSE": 11420.784452856762,
            "PCC": -0.015362930567819804
        },
        "Bearing1_5": {
            "RMSE": 12594.861934824119,
            "PCC": -0.004452542689718396
        },
        "Bearing1_6": {
            "RMSE": 13994.243024013169,
            "PCC": -0.020071204206958727
        },
        "Bearing1_7": {
            "RMSE": 13142.422766942043,
            "PCC": -0.017782684913131678
        },
        "Bearing2_3": {
            "RMSE": 10803.21383209006,
            "PCC": 0.03423839449034517
        },
        "Bearing2_4": {
            "RMSE": 10932.482525586254,
            "PCC": -0.020764910878064508
        },
        "Bearing2_5": {
            "RMSE": 14029.21837150293,
            "PCC": 0.015780844994794867
        },
        "Bearing2_6": {
            "RMSE": 12680.18678807186,
            "PCC": 0.032872970432822314
        },
        "Bearing2_7": {
            "RMSE": 14287.162121228304,
            "PCC": 0.04486239331285247
        },
        "Bearing3_3": {
            "RMSE": 14455.720795278972,
            "PCC": 0.006639047465699145
        }
    }
}