{
    "entropy": {
        "Bearing1_3": {
            "RMSE": 7792.511978560703,
            "PCC": -0.020402692490838797
        },
        "Bearing1_4": {
            "RMSE": 4138.671215346649,
            "PCC": 0.5869422594619769
        },
        "Bearing1_5": {
            "RMSE": 7312.517518176884,
            "PCC": 0.5607480401485043
        },
        "Bearing1_6": {
            "RMSE": 7448.038214565986,
            "PCC": -0.05126513349573597
        },
        "Bearing1_7": {
            "RMSE": 6307.637929141511,
            "PCC": 0.5851308614495556
        },
        "Bearing2_3": {
            "RMSE": 4962.290316206775,
            "PCC": 0.6944526896623228
        },
        "Bearing2_4": {
            "RMSE": 7059.313383624468,
            "PCC": 0.29218161948787064
        },
        "Bearing2_5": {
            "RMSE": 7248.3485193932665,
            "PCC": -0.3208973800263329
        },
        "Bearing2_6": {
            "RMSE": 7037.166984396967,
            "PCC": 0.2185646493480727
        },
        "Bearing2_7": {
            "RMSE": 9730.025469394894,
            "PCC": 0.0783685697515937
        },
        "Bearing3_3": {
            "RMSE": 6762.057581445063,
            "PCC": 0.6941011595810881
        }
    }
}