{
    "FrequencyStatisticalPCA": {
        "Bearing1_3": {
            "RMSE": 11918.233302616012,
            "PCC": 0.39347164845990107
        },
        "Bearing1_4": {
            "RMSE": 7965.2413280699675,
            "PCC": -0.11951934363195751
        },
        "Bearing1_5": {
            "RMSE": 13376.02765998481,
            "PCC": 0.4606849802010837
        },
        "Bearing1_6": {
            "RMSE": 12086.75812104093,
            "PCC": 0.13466803719670567
        },
        "Bearing1_7": {
            "RMSE": 11470.569672119987,
            "PCC": 0.10285429995269697
        },
        "Bearing2_3": {
            "RMSE": 10623.173623172554,
            "PCC": -0.0629826726811098
        },
        "Bearing2_4": {
            "RMSE": 4019.051648933439,
            "PCC": -0.29452870486498134
        },
        "Bearing2_5": {
            "RMSE": 12133.518331112378,
            "PCC": 0.1935539239872082
        },
        "Bearing2_6": {
            "RMSE": 3930.4031913682993,
            "PCC": 0.3515315000097552
        },
        "Bearing2_7": {
            "RMSE": 4726.883590393186,
            "PCC": -0.016110170188845876
        }
    }
}