{
    "CNNEmbedding": {
        "Bearing1_3": {
            "RMSE": 8357.48877051816,
            "PCC": 0.743314885223583
        },
        "Bearing1_4": {
            "RMSE": 3974.928072477016,
            "PCC": 0.7505100750098398
        },
        "Bearing1_5": {
            "RMSE": 9044.530776059633,
            "PCC": 0.08711971333695742
        },
        "Bearing1_6": {
            "RMSE": 9038.519530423477,
            "PCC": -0.055237566761339285
        },
        "Bearing1_7": {
            "RMSE": 7923.085640304864,
            "PCC": 0.7705602650367427
        },
        "Bearing2_3": {
            "RMSE": 6483.929696638747,
            "PCC": -0.5138553692502319
        },
        "Bearing2_4": {
            "RMSE": 3615.1377925963943,
            "PCC": -0.2570929190551813
        },
        "Bearing2_5": {
            "RMSE": 8332.483176569871,
            "PCC": -0.5760826211446327
        },
        "Bearing2_6": {
            "RMSE": 3725.8635072130446,
            "PCC": -0.1424007574574694
        },
        "Bearing2_7": {
            "RMSE": 5625.5622971148205,
            "PCC": -0.14934721922222025
        },
        "Bearing3_3": {
            "RMSE": 4522.546761978345,
            "PCC": 0.824921793702386
        }
    }
}