{
    "PCA combined": {
        "Bearing1_3": {
            "RMSE": 8533.573826575945,
            "PCC": 0.7727169614875448
        },
        "Bearing1_4": {
            "RMSE": 4040.6050316051073,
            "PCC": 0.6389912474509835
        },
        "Bearing1_5": {
            "RMSE": 9084.679328407,
            "PCC": -0.02187301771347685
        },
        "Bearing1_6": {
            "RMSE": 9002.590919824817,
            "PCC": 0.04231346797617924
        },
        "Bearing1_7": {
            "RMSE": 7984.997321633876,
            "PCC": 0.40535897113009667
        },
        "Bearing2_3": {
            "RMSE": 6471.914475629498,
            "PCC": -0.2368669447033742
        },
        "Bearing2_4": {
            "RMSE": 3659.0261736385132,
            "PCC": 0.12881402396270525
        },
        "Bearing2_5": {
            "RMSE": 8293.378627955819,
            "PCC": -0.4103036811754718
        },
        "Bearing2_6": {
            "RMSE": 3769.5022480500734,
            "PCC": 0.20434978729884143
        },
        "Bearing2_7": {
            "RMSE": 5549.254387025213,
            "PCC": 0.22153716502987442
        },
        "Bearing3_3": {
            "RMSE": 4518.1799187928245,
            "PCC": 0.738501439271712
        }
    }
}