{
    "CNNEmbedding": {
        "Bearing1_3": {
            "RMSE": 12723.356475385692,
            "PCC": 0.0118327035201147
        },
        "Bearing1_4": {
            "RMSE": 5096.559296885171,
            "PCC": 0.010571732905535477
        },
        "Bearing1_5": {
            "RMSE": 9571.023947387193,
            "PCC": -0.009769626282035333
        },
        "Bearing1_6": {
            "RMSE": 11418.544308269073,
            "PCC": 0.05175595270026962
        },
        "Bearing1_7": {
            "RMSE": 11424.318341489296,
            "PCC": 0.10232679113691918
        },
        "Bearing2_3": {
            "RMSE": 9801.963344215796,
            "PCC": -0.05328403239369402
        },
        "Bearing2_4": {
            "RMSE": 2908.4016228363475,
            "PCC": -0.04648627862931754
        },
        "Bearing2_5": {
            "RMSE": 12296.117273219475,
            "PCC": -0.06623450672685297
        },
        "Bearing2_6": {
            "RMSE": 668.2813768677773,
            "PCC": 0.11097325968498675
        },
        "Bearing2_7": {
            "RMSE": 1332.2349000414997,
            "PCC": -0.23563866141169074
        }
    }
}