{
    "PCA combined": {
        "Bearing1_3": {
            "RMSE": 14868.188454901676,
            "PCC": 0.2978486143588168
        },
        "Bearing1_4": {
            "RMSE": 4815.672351718965,
            "PCC": 0.5311588534245514
        },
        "Bearing1_5": {
            "RMSE": 9174.024855599715,
            "PCC": 0.6744418885316972
        },
        "Bearing1_6": {
            "RMSE": 6224.4356923358555,
            "PCC": 0.5842021096976096
        },
        "Bearing1_7": {
            "RMSE": 5090.541284049139,
            "PCC": 0.6958223077863057
        },
        "Bearing2_3": {
            "RMSE": 6024.539450839331,
            "PCC": 0.11719206674648376
        },
        "Bearing2_4": {
            "RMSE": 6369.250935360377,
            "PCC": 0.5021152780071433
        },
        "Bearing2_5": {
            "RMSE": 6505.1002643582415,
            "PCC": 0.4987435861100231
        },
        "Bearing2_6": {
            "RMSE": 4326.150824304139,
            "PCC": 0.7773304257361152
        },
        "Bearing2_7": {
            "RMSE": 15356.458760406042,
            "PCC": 0.6010240540701631
        },
        "Bearing3_3": {
            "RMSE": 3435.903792126812,
            "PCC": 0.4933693693003778
        }
    }
}