{
    "CNNEmbedding": {
        "Bearing1_3": {
            "RMSE": 7971.331701481251,
            "PCC": 0.6750811789450011
        },
        "Bearing1_4": {
            "RMSE": 2705.2638274126402,
            "PCC": 0.8583334871237862
        },
        "Bearing1_5": {
            "RMSE": 5323.837552059905,
            "PCC": 0.3012949557703929
        },
        "Bearing1_6": {
            "RMSE": 6986.2958115869305,
            "PCC": 0.0868878261577765
        },
        "Bearing1_7": {
            "RMSE": 6923.162651098938,
            "PCC": 0.7253443417870519
        },
        "Bearing2_3": {
            "RMSE": 5544.740113080223,
            "PCC": -0.2765313058532738
        },
        "Bearing2_4": {
            "RMSE": 3595.1226215465717,
            "PCC": -0.2942066958080457
        },
        "Bearing2_5": {
            "RMSE": 7812.7254896825725,
            "PCC": -0.44114990199288023
        },
        "Bearing2_6": {
            "RMSE": 5248.240031548328,
            "PCC": 0.5726936538645551
        },
        "Bearing2_7": {
            "RMSE": 4786.42210064661,
            "PCC": -0.2746664880421048
        },
        "Bearing3_3": {
            "RMSE": 5413.899338238168,
            "PCC": 0.30869635720716887
        }
    }
}