{
    "frequency_entropy": {
        "Bearing1_3": {
            "RMSE": 8741.162273370655,
            "PCC": -0.12955530799898124
        },
        "Bearing1_4": {
            "RMSE": 4400.543498433716,
            "PCC": 0.030396464085427576
        },
        "Bearing1_5": {
            "RMSE": 7993.5761477844435,
            "PCC": -0.01531810817522471
        },
        "Bearing1_6": {
            "RMSE": 7923.859629480474,
            "PCC": -0.004863524457539906
        },
        "Bearing1_7": {
            "RMSE": 7029.44267338664,
            "PCC": 0.020424956728965177
        },
        "Bearing2_3": {
            "RMSE": 45446.40642936041,
            "PCC": -0.026896208995951323
        },
        "Bearing2_4": {
            "RMSE": 5387.052806382859,
            "PCC": -0.05597238819596694
        },
        "Bearing2_5": {
            "RMSE": 7384.565009619878,
            "PCC": -0.06200523568021782
        },
        "Bearing2_6": {
            "RMSE": 5548.458551650788,
            "PCC": 0.04058110633552751
        },
        "Bearing2_7": {
            "RMSE": 7525.933733009579,
            "PCC": 0.035443961804848934
        }
    }
}