{
    "FrequencyAutoencoder": {
        "Bearing1_3": {
            "RMSE": 16968.1799794376,
            "PCC": 0.237957477628671
        },
        "Bearing1_4": {
            "RMSE": 27619.7904432759,
            "PCC": -0.18823816427064258
        },
        "Bearing1_5": {
            "RMSE": 18659.664148209926,
            "PCC": 0.19567842942916885
        },
        "Bearing1_6": {
            "RMSE": 21338.476689274983,
            "PCC": 0.35007017999451256
        },
        "Bearing1_7": {
            "RMSE": 18592.81384676339,
            "PCC": 0.5476619285216138
        },
        "Bearing2_3": {
            "RMSE": 12941.275974246813,
            "PCC": 0.06709613440534289
        },
        "Bearing2_4": {
            "RMSE": 6240.200889684143,
            "PCC": 0.42034133570520243
        },
        "Bearing2_5": {
            "RMSE": 18137.590613056935,
            "PCC": 0.21355679461133176
        },
        "Bearing2_6": {
            "RMSE": 4245.720433845151,
            "PCC": 0.17634343382966935
        },
        "Bearing2_7": {
            "RMSE": 10961.146501895248,
            "PCC": 0.43261078673953474
        },
        "Bearing3_3": {
            "RMSE": 7247.745150310138,
            "PCC": -0.20017433397866144
        }
    }
}