{
    "frequency": {
        "Bearing1_3": {
            "RMSE": 12704.358239419504,
            "PCC": 0.0887084231238836
        },
        "Bearing1_4": {
            "RMSE": 5093.340952910183,
            "PCC": 0.024321195133640495
        },
        "Bearing1_5": {
            "RMSE": 9568.597545124836,
            "PCC": 0.008487982673520803
        },
        "Bearing1_6": {
            "RMSE": 11407.146353448597,
            "PCC": 0.0005252143546412168
        },
        "Bearing1_7": {
            "RMSE": 11410.02669435401,
            "PCC": 0.07465320311173328
        },
        "Bearing2_3": {
            "RMSE": 9796.099570634962,
            "PCC": 0.007542761869925691
        },
        "Bearing2_4": {
            "RMSE": 2877.7805561823184,
            "PCC": 0.05060771915651274
        },
        "Bearing2_5": {
            "RMSE": 12268.025853563291,
            "PCC": 0.023238843467205422
        },
        "Bearing2_6": {
            "RMSE": 668.2021693195304,
            "PCC": -0.08665166999398122
        },
        "Bearing2_7": {
            "RMSE": 1360.0888369343836,
            "PCC": 0.035834501042667825
        }
    }
}