{
    "entropy": {
        "Bearing1_3": {
            "RMSE": 7140.188324968622,
            "PCC": 0.36468741571243357
        },
        "Bearing1_4": {
            "RMSE": 4253.532025745244,
            "PCC": 0.6344524437341674
        },
        "Bearing1_5": {
            "RMSE": 4778.867435236913,
            "PCC": 0.09931072906957605
        },
        "Bearing1_6": {
            "RMSE": 5988.200463750576,
            "PCC": -0.27595103933664566
        },
        "Bearing1_7": {
            "RMSE": 5934.346835135403,
            "PCC": 0.5714696904404609
        },
        "Bearing2_3": {
            "RMSE": 4889.796842306897,
            "PCC": 0.20764539541292434
        },
        "Bearing2_4": {
            "RMSE": 5799.117754460906,
            "PCC": -0.2582220910303865
        },
        "Bearing2_5": {
            "RMSE": 6779.951784407961,
            "PCC": -0.7548694816961184
        },
        "Bearing2_6": {
            "RMSE": 7670.065071835145,
            "PCC": 0.014362039153665317
        },
        "Bearing2_7": {
            "RMSE": 6945.593129762453,
            "PCC": -0.36174958718868805
        },
        "Bearing3_3": {
            "RMSE": 7771.062989585192,
            "PCC": -0.4476027100114389
        }
    }
}