{
    "Autoencoder combined": {
        "Bearing1_3": {
            "RMSE": 88577.21940119582,
            "PCC": -0.02537557264840891
        },
        "Bearing1_4": {
            "RMSE": 88907.14868142862,
            "PCC": -0.7435265948507906
        },
        "Bearing1_5": {
            "RMSE": 5160.9654372370815,
            "PCC": 0.1922859021266464
        },
        "Bearing1_6": {
            "RMSE": 6943.792670645692,
            "PCC": 0.1546816386983266
        },
        "Bearing1_7": {
            "RMSE": 6133.509158664767,
            "PCC": 0.1956047435930597
        },
        "Bearing2_3": {
            "RMSE": 22499.161683416925,
            "PCC": -0.10724516315192431
        },
        "Bearing2_4": {
            "RMSE": 8226.09984000654,
            "PCC": 0.14801527755313013
        },
        "Bearing2_5": {
            "RMSE": 6510.767776326652,
            "PCC": 0.18742424060238766
        },
        "Bearing2_6": {
            "RMSE": 5638.356348312267,
            "PCC": 0.424549289025939
        },
        "Bearing2_7": {
            "RMSE": 11068.683076421847,
            "PCC": -0.03908099766696279
        },
        "Bearing3_3": {
            "RMSE": 4655.168237085028,
            "PCC": -0.8675078871623537
        }
    }
}