{
    "FrequencyStatisticalPCA": {
        "Bearing1_3": {
            "RMSE": 23804.610973169558,
            "PCC": 0.20242463939814734
        },
        "Bearing1_4": {
            "RMSE": 1829.1208623989678,
            "PCC": 0.8656880691751657
        },
        "Bearing1_5": {
            "RMSE": 6581.661831131581,
            "PCC": 0.05163681028305518
        },
        "Bearing1_6": {
            "RMSE": 7048.282229372074,
            "PCC": 0.06812375935201864
        },
        "Bearing1_7": {
            "RMSE": 6903.444570780168,
            "PCC": 0.2801843892854188
        },
        "Bearing2_3": {
            "RMSE": 14761.17230737163,
            "PCC": -0.09846635939959744
        },
        "Bearing2_4": {
            "RMSE": 6986.60775501895,
            "PCC": 0.4279492067947587
        },
        "Bearing2_5": {
            "RMSE": 5630.79859507232,
            "PCC": 0.5897840012600374
        },
        "Bearing2_6": {
            "RMSE": 1320.2694489792993,
            "PCC": -0.03879304358841359
        },
        "Bearing2_7": {
            "RMSE": 14665.043577597904,
            "PCC": 0.6405886333148914
        },
        "Bearing3_3": {
            "RMSE": 166.14636602776105,
            "PCC": 0.5927656382343056
        }
    }
}