{
    "PCA combined": {
        "Bearing1_3": {
            "RMSE": 8074.785239345223,
            "PCC": 0.780238539602204
        },
        "Bearing1_4": {
            "RMSE": 2732.9734155725687,
            "PCC": 0.8111722131503251
        },
        "Bearing1_5": {
            "RMSE": 5307.076305167112,
            "PCC": 0.22791514331120333
        },
        "Bearing1_6": {
            "RMSE": 6918.549639711765,
            "PCC": 0.20181128549336078
        },
        "Bearing1_7": {
            "RMSE": 6919.222061092068,
            "PCC": 0.44100826247946806
        },
        "Bearing2_3": {
            "RMSE": 5542.9001838204085,
            "PCC": -0.277733129976318
        },
        "Bearing2_4": {
            "RMSE": 3750.5797959056486,
            "PCC": 0.17321062111769076
        },
        "Bearing2_5": {
            "RMSE": 7734.565255268107,
            "PCC": -0.23482158872035339
        },
        "Bearing2_6": {
            "RMSE": 5340.596430604677,
            "PCC": 0.5668455742646974
        },
        "Bearing2_7": {
            "RMSE": 4841.141711962018,
            "PCC": 0.23635227319063376
        },
        "Bearing3_3": {
            "RMSE": 5273.724938357509,
            "PCC": -0.8571613820848628
        }
    }
}