{
    "statistical": {
        "Bearing1_3": {
            "RMSE": 8550.060371903974,
            "PCC": 0.7742234071223861
        },
        "Bearing1_4": {
            "RMSE": 4043.9280894946364,
            "PCC": 0.6447984365079926
        },
        "Bearing1_5": {
            "RMSE": 9091.501910377168,
            "PCC": 0.021785225027654644
        },
        "Bearing1_6": {
            "RMSE": 9009.508436602662,
            "PCC": 0.07566021742688908
        },
        "Bearing1_7": {
            "RMSE": 7993.399391610299,
            "PCC": 0.3835142559334917
        },
        "Bearing2_3": {
            "RMSE": 6479.058701028609,
            "PCC": -0.2302087333517352
        },
        "Bearing2_4": {
            "RMSE": 3637.732005076026,
            "PCC": 0.12644496465880156
        },
        "Bearing2_5": {
            "RMSE": 8301.310717961267,
            "PCC": -0.40216959856649614
        },
        "Bearing2_6": {
            "RMSE": 3752.69715334629,
            "PCC": 0.19070719718508847
        },
        "Bearing2_7": {
            "RMSE": 5535.143890757134,
            "PCC": 0.2706796092470145
        },
        "Bearing3_3": {
            "RMSE": 4515.771310929624,
            "PCC": 0.7369413476144732
        }
    }
}