{
    "FrequencyAutoencoder": {
        "Bearing1_3": {
            "RMSE": 19654.221976377583,
            "PCC": 0.19716003785458183
        },
        "Bearing1_4": {
            "RMSE": 35327.384337359035,
            "PCC": 0.2303701400696117
        },
        "Bearing1_5": {
            "RMSE": 13194.104729006815,
            "PCC": 0.16121237635255434
        },
        "Bearing1_6": {
            "RMSE": 13830.970339020689,
            "PCC": 0.282254938661115
        },
        "Bearing1_7": {
            "RMSE": 12288.135902506172,
            "PCC": 0.48235648810910103
        },
        "Bearing2_3": {
            "RMSE": 14033.409197414612,
            "PCC": 0.001046678590580437
        },
        "Bearing2_4": {
            "RMSE": 9510.715006738134,
            "PCC": 0.23545859876239558
        },
        "Bearing2_5": {
            "RMSE": 16694.905103270496,
            "PCC": -0.06921172612328302
        },
        "Bearing2_6": {
            "RMSE": 9086.200372855878,
            "PCC": 0.22730263256788058
        },
        "Bearing2_7": {
            "RMSE": 15139.948237807099,
            "PCC": 0.11921296648333239
        },
        "Bearing3_3": {
            "RMSE": 10739.383406641802,
            "PCC": 0.4277976718283023
        }
    }
}