{
    "PCA combined": {
        "Bearing1_3": {
            "RMSE": 13716.398944329376,
            "PCC": 0.014967787355085874
        },
        "Bearing1_4": {
            "RMSE": 8248.891844767191,
            "PCC": -0.019425665874218963
        },
        "Bearing1_5": {
            "RMSE": 14224.467182628867,
            "PCC": 0.02396769116068764
        },
        "Bearing1_6": {
            "RMSE": 14137.8646430683,
            "PCC": 0.02739056834124282
        },
        "Bearing1_7": {
            "RMSE": 13046.672627912198,
            "PCC": 0.018329930102005343
        },
        "Bearing2_3": {
            "RMSE": 11291.527797423643,
            "PCC": 0.00839443427035618
        },
        "Bearing2_4": {
            "RMSE": 4340.2304079848,
            "PCC": -0.03486508953468146
        },
        "Bearing2_5": {
            "RMSE": 13346.894769915869,
            "PCC": 0.014162764893888912
        },
        "Bearing2_6": {
            "RMSE": 4051.555256935292,
            "PCC": -0.04146455426011086
        },
        "Bearing2_7": {
            "RMSE": 1332.2349642611846,
            "PCC": 0.05722906127600453
        }
    }
}