{
    "entropy": {
        "Bearing1_3": {
            "RMSE": 8174.222530065926,
            "PCC": 0.46776654501312465
        },
        "Bearing1_4": {
            "RMSE": 2939.9349049088514,
            "PCC": 0.6174519294633811
        },
        "Bearing1_5": {
            "RMSE": 5346.561293115824,
            "PCC": 0.05777417807293571
        },
        "Bearing1_6": {
            "RMSE": 6963.610385908441,
            "PCC": -0.36701671576776396
        },
        "Bearing1_7": {
            "RMSE": 6968.18288652143,
            "PCC": 0.5623280475361465
        },
        "Bearing2_3": {
            "RMSE": 5542.6578764051,
            "PCC": 0.0332551477959582
        },
        "Bearing2_4": {
            "RMSE": 3678.265045594957,
            "PCC": -0.4454978578372191
        },
        "Bearing2_5": {
            "RMSE": 7772.367931711539,
            "PCC": -0.7407022282780991
        },
        "Bearing2_6": {
            "RMSE": 5336.440887769694,
            "PCC": -0.019462812819282877
        },
        "Bearing2_7": {
            "RMSE": 4785.589514313504,
            "PCC": -0.3709553940534524
        },
        "Bearing3_3": {
            "RMSE": 5837.266295139543,
            "PCC": -0.454647860859701
        }
    }
}